Home_Team,Away_Team,Result,Link,Season,Round,League,Number_Teams,Total_Rounds,Label,Goals_For_Home,Goals_For_Away,Position_Home,Points_Home,Total_Wins_Home,Total_Draw_Home,Total_Lose_Home,Total_Goals_For_Home_Team,Total_Goals_Against_Home_Team,Total_Streak_Home,Wins_When_Home,Draw_When_Home,Lose_When_Home,Goals_For_When_Home,Goals_Against_When_Home,Position_Away,Points_Away,Total_Wins_Away,Total_Draw_Away,Total_Lose_Away,Total_Goals_For_Away_Team,Total_Goals_Against_Away_Team,Total_Streak_Away,Wins_When_Away,Draw_When_Away,Lose_When_Away,Goals_For_When_Away,Goals_Against_When_Away,Streak_When_Home,Streak_When_Away
Jong Utrecht,FC Eindhoven,1-2,/match/jong-utrecht/fc-eindhoven/2021,2021,1,eerste_divisie,20,26,2,1,2,0,0,0,0,0,0,0,,0,0,0,0,0,0,0,0,0,0,0,0,,0,0,0,0,0,,
Cambuur,NEC Nijmegen,2-0,/match/sc-cambuur-leeuwarden/nec/2021,2021,1,eerste_divisie,20,26,0,2,0,0,0,0,0,0,0,0,,0,0,0,0,0,0,0,0,0,0,0,0,,0,0,0,0,0,,
Jong PSV,Excelsior,1-6,/match/jong-psv/excelsior/2021,2021,1,eerste_divisie,20,26,2,1,6,0,0,0,0,0,0,0,,0,0,0,0,0,0,0,0,0,0,0,0,,0,0,0,0,0,,
TOP Oss,Helmond Sport,1-2,/match/fc-oss/helmond-sport/2021,2021,1,eerste_divisie,20,26,2,1,2,0,0,0,0,0,0,0,,0,0,0,0,0,0,0,0,0,0,0,0,,0,0,0,0,0,,
NAC Breda,Jong AZ,6-1,/match/nac-breda/az-alkmaar-sub23/2021,2021,1,eerste_divisie,20,26,0,6,1,0,0,0,0,0,0,0,,0,0,0,0,0,0,0,0,0,0,0,0,,0,0,0,0,0,,
SC Telstar,FC Volendam,2-2,/match/stormvogels-telstar/fc-volendam/2021,2021,1,eerste_divisie,20,26,1,2,2,0,0,0,0,0,0,0,,0,0,0,0,0,0,0,0,0,0,0,0,,0,0,0,0,0,,
Jong Ajax,Roda JC,0-4,/match/jong-ajax/roda-jc/2021,2021,1,eerste_divisie,20,26,2,0,4,0,0,0,0,0,0,0,,0,0,0,0,0,0,0,0,0,0,0,0,,0,0,0,0,0,,
Dordrecht,Go Ahead Eagles,0-0,/match/fc-dordrecht/go-ahead-eagles/2021,2021,1,eerste_divisie,20,26,1,0,0,0,0,0,0,0,0,0,,0,0,0,0,0,0,0,0,0,0,0,0,,0,0,0,0,0,,
Almere City,MVV Maastricht,0-0,/match/almere-city/mvv/2021,2021,1,eerste_divisie,20,26,1,0,0,0,0,0,0,0,0,0,,0,0,0,0,0,0,0,0,0,0,0,0,,0,0,0,0,0,,
De Graafschap,Den Bosch,4-2,/match/graafschap/fc-den-bosch/2021,2021,1,eerste_divisie,20,26,0,4,2,0,0,0,0,0,0,0,,0,0,0,0,0,0,0,0,0,0,0,0,,0,0,0,0,0,,
FC Eindhoven,SC Telstar,2-3,/match/fc-eindhoven/stormvogels-telstar/2021,2021,2,eerste_divisie,20,26,2,2,3,4,3,1,0,0,2,1,W,0,0,0,0,0,11,1,0,1,0,2,2,D,0,0,0,0,0,,
MVV Maastricht,Cambuur,1-7,/match/mvv/sc-cambuur-leeuwarden/2021,2021,2,eerste_divisie,20,26,2,1,7,9,1,0,1,0,0,0,D,0,0,0,0,0,6,3,1,0,0,2,0,W,0,0,0,0,0,,
Roda JC,TOP Oss,3-0,/match/roda-jc/fc-oss/2021,2021,2,eerste_divisie,20,26,0,3,0,3,3,1,0,0,4,0,W,0,0,0,0,0,15,0,0,0,1,1,2,L,0,0,0,0,0,,
Excelsior,Almere City,4-6,/match/excelsior/almere-city/2021,2021,2,eerste_divisie,20,26,2,4,6,7,3,1,0,0,6,1,W,0,0,0,0,0,13,1,0,1,0,0,0,D,0,0,0,0,0,,
Den Bosch,Dordrecht,2-1,/match/fc-den-bosch/fc-dordrecht/2021,2021,2,eerste_divisie,20,26,0,2,1,16,0,0,0,1,2,4,L,0,0,0,0,0,12,1,0,1,0,0,0,D,0,0,0,0,0,,
Helmond Sport,NAC Breda,0-2,/match/helmond-sport/nac-breda/2021,2021,2,eerste_divisie,20,26,2,0,2,1,3,1,0,0,2,1,W,0,0,0,0,0,2,3,1,0,0,6,1,W,0,0,0,0,0,,
Jong Ajax,Jong PSV,1-2,/match/jong-ajax/jong-psv/2021,2021,2,eerste_divisie,20,26,2,1,2,14,0,0,0,1,0,4,L,0,0,1,0,4,17,0,0,0,1,1,6,L,0,0,0,0,0,L,
Jong Utrecht,Jong AZ,1-2,/match/jong-utrecht/az-alkmaar-sub23/2021,2021,2,eerste_divisie,20,26,2,1,2,19,0,0,0,1,1,2,L,0,0,1,1,2,20,0,0,0,1,1,6,L,0,0,1,1,6,L,L
FC Volendam,NEC Nijmegen,1-3,/match/fc-volendam/nec/2021,2021,2,eerste_divisie,20,26,2,1,3,10,1,0,1,0,2,2,D,0,0,0,0,0,18,0,0,0,1,0,2,L,0,0,1,0,2,,L
Go Ahead Eagles,De Graafschap,0-0,/match/go-ahead-eagles/graafschap/2021,2021,2,eerste_divisie,20,26,1,0,0,8,1,0,1,0,0,0,D,0,0,0,0,0,5,3,1,0,0,4,2,W,0,0,0,0,0,,
FC Volendam,Jong Utrecht,0-1,/match/fc-volendam/jong-utrecht/2021,2021,3,eerste_divisie,20,26,2,0,1,15,1,0,1,1,3,5,DL,0,0,1,1,3,20,0,0,0,2,2,4,LL,0,0,0,0,0,L,
Dordrecht,Excelsior,1-3,/match/fc-dordrecht/excelsior/2021,2021,3,eerste_divisie,20,26,2,1,3,16,1,0,1,1,1,2,DL,0,1,0,0,0,11,3,1,0,1,10,7,WL,1,0,0,6,1,D,W
FC Eindhoven,Helmond Sport,0-0,/match/fc-eindhoven/helmond-sport/2021,2021,3,eerste_divisie,20,26,1,0,0,12,3,1,0,1,4,4,WL,0,0,1,2,3,10,3,1,0,1,2,3,WL,1,0,0,2,1,L,W
Jong AZ,Jong PSV,1-4,/match/az-alkmaar-sub23/jong-psv/2021,2021,3,eerste_divisie,20,26,2,1,4,13,3,1,0,1,3,7,LW,0,0,0,0,0,8,3,1,0,1,3,7,LW,1,0,0,2,1,,W
NEC Nijmegen,Jong Ajax,2-1,/match/nec/jong-ajax/2021,2021,3,eerste_divisie,20,26,0,2,1,7,3,1,0,1,3,3,LW,0,0,0,0,0,18,0,0,0,2,1,6,LL,0,0,0,0,0,,
Cambuur,Go Ahead Eagles,0-2,/match/sc-cambuur-leeuwarden/go-ahead-eagles/2021,2021,3,eerste_divisie,20,26,2,0,2,3,6,2,0,0,9,1,WW,1,0,0,2,0,14,2,0,2,0,0,0,DD,0,1,0,0,0,W,D
De Graafschap,Roda JC,4-0,/match/graafschap/roda-jc/2021,2021,3,eerste_divisie,20,26,0,4,0,5,4,1,1,0,4,2,WD,1,0,0,4,2,2,6,2,0,0,7,0,WW,1,0,0,4,0,W,W
SC Telstar,MVV Maastricht,1-2,/match/stormvogels-telstar/mvv/2021,2021,3,eerste_divisie,20,26,2,1,2,4,4,1,1,0,5,4,DW,0,1,0,2,2,17,1,0,1,1,1,7,DL,0,1,0,0,0,D,D
NAC Breda,Den Bosch,2-1,/match/nac-breda/fc-den-bosch/2021,2021,3,eerste_divisie,20,26,0,2,1,1,6,2,0,0,8,1,WW,1,0,0,6,1,9,3,1,0,1,4,5,LW,0,0,1,2,4,W,L
Almere City,TOP Oss,3-0,/match/almere-city/fc-oss/2021,2021,3,eerste_divisie,20,26,0,3,0,6,4,1,1,0,6,4,DW,0,1,0,0,0,19,0,0,0,2,1,5,LL,0,0,1,0,3,D,L
Jong PSV,FC Eindhoven,1-2,/match/jong-psv/fc-eindhoven/2021,2021,4,eerste_divisie,20,26,2,1,2,6,6,2,0,1,7,8,LWW,0,0,1,1,6,12,4,1,1,1,4,4,WLD,1,0,0,2,1,L,W
Helmond Sport,FC Volendam,0-1,/match/helmond-sport/fc-volendam/2021,2021,4,eerste_divisie,20,26,2,0,1,11,4,1,1,1,2,3,WLD,0,0,1,0,2,17,1,0,1,2,3,6,DLL,0,1,0,2,2,L,D
Go Ahead Eagles,Jong Ajax,0-3,/match/go-ahead-eagles/jong-ajax/2021,2021,4,eerste_divisie,20,26,2,0,3,9,5,1,2,0,2,0,DDW,0,1,0,0,0,19,0,0,0,3,2,8,LLL,0,0,1,1,2,D,L
Roda JC,Dordrecht,4-0,/match/roda-jc/fc-dordrecht/2021,2021,4,eerste_divisie,20,26,0,4,0,5,6,2,0,1,7,4,WWL,1,0,0,3,0,18,1,0,1,2,2,5,DLL,0,0,1,1,2,W,L
TOP Oss,Cambuur,2-2,/match/fc-oss/sc-cambuur-leeuwarden/2021,2021,4,eerste_divisie,20,26,1,2,2,20,0,0,0,3,1,8,LLL,0,0,1,1,2,8,6,2,0,1,9,3,WWL,1,0,0,7,1,L,W
NEC Nijmegen,Almere City,0-1,/match/nec/almere-city/2021,2021,4,eerste_divisie,20,26,2,0,1,4,6,2,0,1,5,4,LWW,1,0,0,2,1,3,7,2,1,0,9,4,DWW,1,0,0,6,4,W,W
Jong AZ,De Graafschap,7-3,/match/az-alkmaar-sub23/graafschap/2021,2021,4,eerste_divisie,20,26,0,7,3,15,3,1,0,2,4,11,LWL,0,0,1,1,4,2,7,2,1,0,8,2,WDW,0,1,0,0,0,L,D
Jong Utrecht,NAC Breda,0-2,/match/jong-utrecht/nac-breda/2021,2021,4,eerste_divisie,20,26,2,0,2,16,3,1,0,2,3,4,LLW,0,0,2,2,4,1,9,3,0,0,10,2,WWW,1,0,0,2,0,LL,W
Excelsior,SC Telstar,1-2,/match/excelsior/stormvogels-telstar/2021,2021,4,eerste_divisie,20,26,2,1,2,7,6,2,0,1,13,8,WLW,0,0,1,4,6,10,4,1,1,1,6,6,DWL,1,0,0,3,2,L,W
Den Bosch,MVV Maastricht,2-0,/match/fc-den-bosch/mvv/2021,2021,4,eerste_divisie,20,26,0,2,0,14,3,1,0,2,5,7,LWL,1,0,0,2,1,13,4,1,1,1,3,8,DLW,1,1,0,2,1,W,DW
Dordrecht,Jong AZ,2-0,/match/fc-dordrecht/az-alkmaar-sub23/2021,2021,5,eerste_divisie,20,26,0,2,0,19,1,0,1,3,2,9,DLLL,0,1,1,1,3,8,6,2,0,2,11,14,LWLW,1,0,1,3,7,DL,LW
Almere City,Helmond Sport,2-0,/match/almere-city/helmond-sport/2021,2021,5,eerste_divisie,20,26,0,2,0,2,10,3,1,0,10,4,DWWW,1,1,0,3,0,15,4,1,1,2,2,4,WLDL,1,1,0,2,1,DW,WD
MVV Maastricht,TOP Oss,3-0,/match/mvv/fc-oss/2021,2021,5,eerste_divisie,20,26,0,3,0,16,4,1,1,2,3,10,DLWL,0,0,1,1,7,20,1,0,1,3,3,10,LLLD,0,0,2,0,6,L,LL
Cambuur,Jong Utrecht,5-2,/match/sc-cambuur-leeuwarden/jong-utrecht/2021,2021,5,eerste_divisie,20,26,0,5,2,4,7,2,1,1,11,5,WWLD,1,0,1,2,2,17,3,1,0,3,3,6,LLWL,1,0,0,1,0,WL,W
NAC Breda,Jong PSV,2-1,/match/nac-breda/jong-psv/2021,2021,5,eerste_divisie,20,26,0,2,1,1,12,4,0,0,12,2,WWWW,2,0,0,8,2,10,6,2,0,2,8,10,LWWL,2,0,0,6,2,WW,WW
De Graafschap,NEC Nijmegen,2-0,/match/graafschap/nec/2021,2021,5,eerste_divisie,20,26,0,2,0,6,7,2,1,1,11,9,WDWL,2,0,0,8,2,9,6,2,0,2,5,5,LWWL,1,0,1,3,3,WW,LW
FC Volendam,Go Ahead Eagles,0-0,/match/fc-volendam/go-ahead-eagles/2021,2021,5,eerste_divisie,20,26,1,0,0,14,4,1,1,2,4,6,DLLW,0,0,2,1,4,13,5,1,2,1,2,3,DDWL,1,1,0,2,0,LL,DW
Jong Ajax,Excelsior,3-0,/match/jong-ajax/excelsior/2021,2021,5,eerste_divisie,20,26,0,3,0,18,3,1,0,3,5,8,LLLW,0,0,2,1,6,11,6,2,0,2,14,10,WLWL,2,0,0,9,2,LL,WW
SC Telstar,Den Bosch,6-1,/match/stormvogels-telstar/fc-den-bosch/2021,2021,5,eerste_divisie,20,26,0,6,1,5,7,2,1,1,8,7,DWLW,0,1,1,3,4,12,6,2,0,2,7,7,LWLW,0,0,2,3,6,DL,LL
FC Eindhoven,Roda JC,3-3,/match/fc-eindhoven/roda-jc/2021,2021,5,eerste_divisie,20,26,1,3,3,7,7,2,1,1,6,5,WLDW,0,1,1,2,3,3,9,3,0,1,11,4,WWLW,1,0,1,4,4,LD,WL
Jong PSV,SC Telstar,3-0,/match/jong-psv/stormvogels-telstar/2021,2021,6,eerste_divisie,20,26,0,3,0,13,6,2,0,3,9,12,LWWLL,0,0,2,2,8,5,10,3,1,1,14,8,DWLWW,2,0,0,5,3,LL,WW
Go Ahead Eagles,Jong Utrecht,2-3,/match/go-ahead-eagles/jong-utrecht/2021,2021,6,eerste_divisie,20,26,2,2,3,11,6,1,3,1,2,3,DDWLD,0,1,1,0,3,19,3,1,0,4,5,11,LLWLL,1,0,1,3,5,DL,WL
Jong AZ,MVV Maastricht,3-3,/match/az-alkmaar-sub23/mvv/2021,2021,6,eerste_divisie,20,26,1,3,3,15,6,2,0,3,11,16,LWLWL,1,0,1,8,7,8,7,2,1,2,6,10,DLWLW,1,1,1,2,3,LW,DWL
NAC Breda,Jong Ajax,4-0,/match/nac-breda/jong-ajax/2021,2021,6,eerste_divisie,20,26,0,4,0,1,15,5,0,0,14,3,WWWWW,3,0,0,10,3,10,6,2,0,3,8,8,LLLWW,1,0,1,4,2,WWW,LW
NEC Nijmegen,FC Eindhoven,6-0,/match/nec/fc-eindhoven/2021,2021,6,eerste_divisie,20,26,0,6,0,14,6,2,0,3,5,7,LWWLL,1,0,1,2,2,7,8,2,2,1,9,8,WLDWD,2,0,0,4,2,WL,WW
Roda JC,FC Volendam,1-1,/match/roda-jc/fc-volendam/2021,2021,6,eerste_divisie,20,26,1,1,1,3,10,3,1,1,14,7,WWLWD,2,0,0,7,0,16,5,1,2,2,4,6,DLLWD,1,1,0,3,2,WW,DW
Excelsior,De Graafschap,1-2,/match/excelsior/graafschap/2021,2021,6,eerste_divisie,20,26,2,1,2,12,6,2,0,3,14,13,WLWLL,0,0,2,5,8,6,10,3,1,1,13,9,WDWLW,0,1,1,3,7,LL,DL
TOP Oss,Dordrecht,2-0,/match/fc-oss/fc-dordrecht/2021,2021,6,eerste_divisie,20,26,0,2,0,20,1,0,1,4,3,13,LLLDL,0,1,1,3,4,18,4,1,1,3,4,9,DLLLW,0,0,2,1,6,LD,LL
Helmond Sport,Cambuur,1-5,/match/helmond-sport/sc-cambuur-leeuwarden/2021,2021,6,eerste_divisie,20,26,2,1,5,17,4,1,1,3,2,6,WLDLL,0,0,2,0,3,4,10,3,1,1,16,7,WWLDW,1,1,0,9,3,LL,WD
Den Bosch,Almere City,1-1,/match/fc-den-bosch/almere-city/2021,2021,6,eerste_divisie,20,26,1,1,1,9,6,2,0,3,8,13,LWLWL,2,0,0,4,1,2,13,4,1,0,12,4,DWWWW,2,0,0,7,4,WW,WW
FC Eindhoven,Excelsior,1-1,/match/fc-eindhoven/excelsior/2021,2021,7,eerste_divisie,20,26,1,1,1,9,8,2,2,2,9,14,WLDWDL,0,2,1,5,6,16,6,2,0,4,15,15,WLWLLL,2,0,1,9,5,LDD,WWL
MVV Maastricht,Go Ahead Eagles,0-2,/match/mvv/go-ahead-eagles/2021,2021,7,eerste_divisie,20,26,2,0,2,10,8,2,2,2,9,13,DLWLWD,1,0,1,4,7,15,6,1,3,2,4,6,DDWLDL,1,2,0,2,0,LW,DWD
Almere City,Roda JC,2-1,/match/almere-city/roda-jc/2021,2021,7,eerste_divisie,20,26,0,2,1,2,14,4,2,0,13,5,DWWWWD,2,1,0,5,0,5,11,3,2,1,15,8,WWLWDD,1,1,1,7,7,DWW,WLD
SC Telstar,TOP Oss,1-1,/match/stormvogels-telstar/fc-oss/2021,2021,7,eerste_divisie,20,26,1,1,1,6,10,3,1,2,14,11,DWLWWL,1,1,1,9,5,20,4,1,1,4,5,13,LLLDLW,0,0,3,0,9,DLW,LLL
Cambuur,Dordrecht,5-0,/match/sc-cambuur-leeuwarden/fc-dordrecht/2021,2021,7,eerste_divisie,20,26,0,5,0,3,13,4,1,1,21,8,WWLDWW,2,0,1,7,4,19,4,1,1,4,4,11,DLLLWL,0,0,3,1,8,WLW,LLL
Den Bosch,Helmond Sport,1-2,/match/fc-den-bosch/helmond-sport/2021,2021,7,eerste_divisie,20,26,2,1,2,12,7,2,1,3,9,14,LWLWLD,2,1,0,5,2,18,4,1,1,4,3,11,WLDLLL,1,1,1,2,3,WWD,WDL
Jong Ajax,Jong Utrecht,3-2,/match/jong-ajax/jong-utrecht/2021,2021,7,eerste_divisie,20,26,0,3,2,17,6,2,0,4,8,12,LLLWWL,1,0,2,4,6,13,6,2,0,4,8,13,LLWLLW,2,0,1,6,7,LLW,WLW
Jong AZ,FC Volendam,2-6,/match/az-alkmaar-sub23/fc-volendam/2021,2021,7,eerste_divisie,20,26,2,2,6,11,7,2,1,3,14,19,LWLWLD,1,1,1,11,10,14,6,1,3,2,5,7,DLLWDD,1,2,0,4,3,LWD,DWD
Jong PSV,NEC Nijmegen,1-1,/match/jong-psv/nec/2021,2021,7,eerste_divisie,20,26,1,1,1,7,9,3,0,3,12,12,LWWLLW,1,0,2,5,8,8,9,3,0,3,11,7,LWWLLW,1,0,2,3,5,LLW,LWL
De Graafschap,NAC Breda,1-0,/match/graafschap/nac-breda/2021,2021,7,eerste_divisie,20,26,0,1,0,4,13,4,1,1,15,10,WDWLWW,3,0,0,10,2,1,18,6,0,0,18,3,WWWWWW,2,0,0,4,0,WWW,WW
Jong Utrecht,NEC Nijmegen,1-4,/match/jong-utrecht/nec/2021,2021,8,eerste_divisie,20,26,2,1,4,18,6,2,0,5,10,16,LLWLLWL,0,0,3,2,6,8,10,3,1,3,12,8,LWWLLWD,1,1,2,4,6,LLL,LWLD
Jong Ajax,Jong AZ,3-2,/match/jong-ajax/az-alkmaar-sub23/2021,2021,8,eerste_divisie,20,26,0,3,2,10,9,3,0,4,11,14,LLLWWLW,2,0,2,7,8,16,7,2,1,4,16,25,LWLWLDL,1,0,2,3,9,LLWW,LWL
FC Volendam,Jong PSV,5-1,/match/fc-volendam/jong-psv/2021,2021,8,eerste_divisie,20,26,0,5,1,11,9,2,3,2,11,9,DLLWDDW,0,1,2,1,4,7,10,3,1,3,13,13,LWWLLWD,2,0,1,7,4,LLD,WWL
Excelsior,MVV Maastricht,2-0,/match/excelsior/mvv/2021,2021,8,eerste_divisie,20,26,0,2,0,14,7,2,1,4,16,16,WLWLLLD,0,0,3,6,10,13,8,2,2,3,9,15,DLWLWDL,1,2,1,5,6,LLL,DWLD
Go Ahead Eagles,FC Eindhoven,3-0,/match/go-ahead-eagles/fc-eindhoven/2021,2021,8,eerste_divisie,20,26,0,3,0,12,9,2,3,2,6,6,DDWLDLW,0,1,2,2,6,9,9,2,3,2,10,15,WLDWDLD,2,0,1,4,8,DLL,WWL
Dordrecht,Almere City,2-2,/match/fc-dordrecht/almere-city/2021,2021,8,eerste_divisie,20,26,1,2,2,20,4,1,1,5,4,16,DLLLWLL,1,1,1,3,3,2,17,5,2,0,15,6,DWWWWDW,2,1,0,8,5,DLW,WWD
Helmond Sport,De Graafschap,1-2,/match/helmond-sport/graafschap/2021,2021,8,eerste_divisie,20,26,2,1,2,15,7,2,1,4,5,12,WLDLLLW,0,0,3,1,8,4,16,5,1,1,16,10,WDWLWWW,1,1,1,5,8,LLL,DLW
Roda JC,SC Telstar,1-1,/match/roda-jc/stormvogels-telstar/2021,2021,8,eerste_divisie,20,26,1,1,1,5,11,3,2,2,16,10,WWLWDDL,2,1,0,8,1,6,11,3,2,2,15,12,DWLWWLD,2,0,1,5,6,WWD,WWL
NAC Breda,Cambuur,0-4,/match/nac-breda/sc-cambuur-leeuwarden/2021,2021,8,eerste_divisie,20,26,2,0,4,1,18,6,0,1,18,4,WWWWWWL,4,0,0,14,3,3,16,5,1,1,26,8,WWLDWWW,2,1,0,14,4,WWWW,WDW
TOP Oss,Den Bosch,2-0,/match/fc-oss/fc-den-bosch/2021,2021,8,eerste_divisie,20,26,0,2,0,19,5,1,2,4,6,14,LLLDLWD,1,1,1,5,4,17,7,2,1,4,10,16,LWLWLDL,0,0,3,4,12,LDW,LLL
MVV Maastricht,Jong Ajax,1-5,/match/mvv/jong-ajax/2021,2021,9,eerste_divisie,20,26,2,1,5,14,8,2,2,4,9,17,DLWLWDLL,1,0,2,4,9,7,12,4,0,4,14,16,LLLWWLWW,1,0,2,4,6,LWL,LWL
SC Telstar,Helmond Sport,2-0,/match/stormvogels-telstar/helmond-sport/2021,2021,9,eerste_divisie,20,26,0,2,0,9,12,3,3,2,16,13,DWLWWLDD,1,2,1,10,6,16,7,2,1,5,6,14,WLDLLLWL,2,1,1,4,4,DLWD,WDLW
NEC Nijmegen,Go Ahead Eagles,2-1,/match/nec/go-ahead-eagles/2021,2021,9,eerste_divisie,20,26,0,2,1,5,13,4,1,3,16,9,LWWLLWDW,2,0,1,8,2,6,12,3,3,2,9,6,DDWLDLWW,2,2,0,4,0,WLW,DWDW
FC Volendam,Dordrecht,7-1,/match/fc-volendam/fc-dordrecht/2021,2021,9,eerste_divisie,20,26,0,7,1,8,12,3,3,2,16,10,DLLWDDWW,1,1,2,6,5,20,5,1,2,5,6,18,DLLLWLLD,0,0,4,1,13,LLDW,LLLL
FC Eindhoven,Jong AZ,3-0,/match/fc-eindhoven/az-alkmaar-sub23/2021,2021,9,eerste_divisie,20,26,0,3,0,13,9,2,3,3,10,18,WLDWDLDL,0,3,1,6,7,17,7,2,1,5,18,28,LWLWLDLL,1,0,3,5,12,LDDD,LWLL
Den Bosch,Excelsior,0-1,/match/fc-den-bosch/excelsior/2021,2021,9,eerste_divisie,20,26,2,0,1,18,7,2,1,5,10,18,LWLWLDLL,2,1,1,6,4,12,10,3,1,4,18,16,WLWLLLDW,2,1,1,10,6,WWDL,WWLD
Cambuur,Roda JC,3-0,/match/sc-cambuur-leeuwarden/roda-jc/2021,2021,9,eerste_divisie,20,26,0,3,0,1,19,6,1,1,30,8,WWLDWWWW,3,0,1,12,4,10,12,3,3,2,17,11,WWLWDDLD,1,1,2,8,9,WLWW,WLDL
Almere City,NAC Breda,2-0,/match/almere-city/nac-breda/2021,2021,9,eerste_divisie,20,26,0,2,0,4,18,5,3,0,17,8,DWWWWDWD,3,1,0,7,1,3,18,6,0,2,18,8,WWWWWWLL,2,0,1,4,1,DWWW,WWL
De Graafschap,Jong PSV,2-1,/match/graafschap/jong-psv/2021,2021,9,eerste_divisie,20,26,0,2,1,2,19,6,1,1,18,11,WDWLWWWW,4,0,0,11,2,11,10,3,1,4,14,18,LWWLLWDL,2,0,2,8,9,WWWW,WWLL
Jong Utrecht,TOP Oss,0-1,/match/jong-utrecht/fc-oss/2021,2021,9,eerste_divisie,20,26,2,0,1,19,6,2,0,6,11,20,LLWLLWLL,0,0,4,3,10,15,8,2,2,4,8,14,LLLDLWDW,0,1,3,1,10,LLLL,LLLD
Helmond Sport,MVV Maastricht,1-1,/match/helmond-sport/mvv/2021,2021,10,eerste_divisie,20,26,1,1,1,16,7,2,1,6,6,16,WLDLLLWLL,0,0,4,2,10,15,8,2,2,5,10,22,DLWLWDLLL,1,2,2,5,8,LLLL,DWLDL
Jong Ajax,Almere City,1-4,/match/jong-ajax/almere-city/2021,2021,10,eerste_divisie,20,26,2,1,4,6,15,5,0,4,19,17,LLLWWLWWW,3,0,2,10,10,3,21,6,3,0,19,8,DWWWWDWDW,2,2,0,10,7,LLWWW,WWDD
NAC Breda,NEC Nijmegen,0-1,/match/nac-breda/nec/2021,2021,10,eerste_divisie,20,26,2,0,1,4,18,6,0,3,18,10,WWWWWWLLL,4,0,1,14,7,5,16,5,1,3,18,10,LWWLLWDWW,2,1,2,8,7,WWWWL,LWLDW
TOP Oss,De Graafschap,0-2,/match/fc-oss/graafschap/2021,2021,10,eerste_divisie,20,26,2,0,2,13,11,3,2,4,9,14,LLLDLWDWW,2,1,1,7,4,2,22,7,1,1,20,12,WDWLWWWWW,2,1,1,7,9,LDWW,DLWW
Go Ahead Eagles,Excelsior,0-0,/match/go-ahead-eagles/excelsior/2021,2021,10,eerste_divisie,20,26,1,0,0,10,12,3,3,3,10,8,DDWLDLWWL,1,1,2,5,6,9,13,4,1,4,19,16,WLWLLLDWW,3,1,1,11,6,DLLW,WWLDW
Roda JC,Den Bosch,0-0,/match/roda-jc/fc-den-bosch/2021,2021,10,eerste_divisie,20,26,1,0,0,11,12,3,3,3,17,14,WWLWDDLDL,2,2,0,9,2,18,7,2,1,6,10,19,LWLWLDLLL,0,0,4,4,14,WWDD,LLLL
FC Volendam,FC Eindhoven,2-0,/match/fc-volendam/fc-eindhoven/2021,2021,10,eerste_divisie,20,26,0,2,0,7,15,4,3,2,23,11,DLLWDDWWW,2,1,2,13,6,12,12,3,3,3,13,18,WLDWDLDLW,2,0,2,4,11,LLDWW,WWLL
Jong AZ,SC Telstar,1-1,/match/az-alkmaar-sub23/stormvogels-telstar/2021,2021,10,eerste_divisie,20,26,1,1,1,17,7,2,1,6,18,31,LWLWLDLLL,1,1,2,13,16,8,15,4,3,2,18,13,DWLWWLDDW,2,1,1,6,7,LWDL,WWLD
Dordrecht,Jong Utrecht,0-3,/match/fc-dordrecht/jong-utrecht/2021,2021,10,eerste_divisie,20,26,2,0,3,20,5,1,2,6,7,25,DLLLWLLDL,1,2,1,5,5,19,6,2,0,7,11,21,LLWLLWLLL,2,0,2,8,10,DLWD,WLWL
Jong PSV,Cambuur,0-1,/match/jong-psv/sc-cambuur-leeuwarden/2021,2021,10,eerste_divisie,20,26,2,0,1,14,10,3,1,5,15,20,LWWLLWDLL,1,1,2,6,9,1,22,7,1,1,33,8,WWLDWWWWW,3,1,0,18,4,LLWD,WDWW
Den Bosch,Jong PSV,1-2,/match/fc-den-bosch/jong-psv/2021,2021,11,eerste_divisie,20,26,2,1,2,19,8,2,2,6,10,19,LWLWLDLLLD,2,1,2,6,5,14,10,3,1,6,15,21,LWWLLWDLLL,2,0,3,9,11,WWDLL,WWLLL
MVV Maastricht,NAC Breda,1-4,/match/mvv/nac-breda/2021,2021,11,eerste_divisie,20,26,2,1,4,15,9,2,3,5,11,23,DLWLWDLLLD,1,0,3,5,14,5,18,6,0,4,18,11,WWWWWWLLLL,2,0,2,4,3,LWLL,WWLL
Almere City,Jong AZ,2-0,/match/almere-city/az-alkmaar-sub23/2021,2021,11,eerste_divisie,20,26,0,2,0,3,24,7,3,0,23,9,DWWWWDWDWW,4,1,0,9,1,18,8,2,2,6,19,32,LWLWLDLLLD,1,0,4,5,15,DWWWW,LWLLL
NEC Nijmegen,Helmond Sport,2-2,/match/nec/helmond-sport/2021,2021,11,eerste_divisie,20,26,1,2,2,4,19,6,1,3,19,10,LWWLLWDWWW,3,0,1,10,3,17,8,2,2,6,7,17,WLDLLLWLLD,2,1,2,4,6,WLWW,WDLWL
De Graafschap,FC Volendam,2-5,/match/graafschap/fc-volendam/2021,2021,11,eerste_divisie,20,26,2,2,5,2,25,8,1,1,22,12,WDWLWWWWWW,5,0,0,13,3,6,18,5,3,2,25,11,DLLWDDWWWW,2,2,0,10,5,WWWWW,DWDW
Cambuur,Jong Ajax,2-3,/match/sc-cambuur-leeuwarden/jong-ajax/2021,2021,11,eerste_divisie,20,26,2,2,3,1,25,8,1,1,34,8,WWLDWWWWWW,4,0,1,15,4,8,15,5,0,5,20,21,LLLWWLWWWL,2,0,2,9,7,WLWWW,LWLW
FC Eindhoven,Dordrecht,5-1,/match/fc-eindhoven/fc-dordrecht/2021,2021,11,eerste_divisie,20,26,0,5,1,12,12,3,3,4,13,20,WLDWDLDLWL,1,3,1,9,7,20,5,1,2,7,7,28,DLLLWLLDLL,0,0,5,2,20,LDDDW,LLLLL
Jong Utrecht,Roda JC,2-0,/match/jong-utrecht/roda-jc/2021,2021,11,eerste_divisie,20,26,0,2,0,16,9,3,0,7,14,21,LLWLLWLLLW,0,0,5,3,11,10,13,3,4,3,17,14,WWLWDDLDLD,1,1,3,8,12,LLLLL,WLDLL
Excelsior,TOP Oss,3-0,/match/excelsior/fc-oss/2021,2021,11,eerste_divisie,20,26,0,3,0,9,14,4,2,4,19,16,WLWLLLDWWD,1,0,3,8,10,13,11,3,2,5,9,16,LLLDLWDWWL,1,1,3,2,10,LLLW,LLLDW
SC Telstar,Go Ahead Eagles,1-2,/match/stormvogels-telstar/go-ahead-eagles/2021,2021,11,eerste_divisie,20,26,2,1,2,7,16,4,4,2,19,14,DWLWWLDDWD,2,2,1,12,6,11,13,3,4,3,10,8,DDWLDLWWLD,2,2,1,5,2,DLWDW,DWDWL
Helmond Sport,Excelsior,2-1,/match/helmond-sport/excelsior/2021,2021,12,eerste_divisie,20,26,0,2,1,17,9,2,3,6,9,19,WLDLLLWLLDD,0,1,4,3,11,8,17,5,2,4,22,16,WLWLLLDWWDW,3,2,1,11,6,LLLLD,WWLDWD
TOP Oss,FC Eindhoven,0-1,/match/fc-oss/fc-eindhoven/2021,2021,12,eerste_divisie,20,26,2,0,1,15,11,3,2,6,9,19,LLLDLWDWWLL,2,1,2,7,6,11,15,4,3,4,18,21,WLDWDLDLWLW,2,0,3,4,13,LDWWL,WWLLL
Dordrecht,De Graafschap,0-2,/match/fc-dordrecht/graafschap/2021,2021,12,eerste_divisie,20,26,2,0,2,20,5,1,2,8,8,33,DLLLWLLDLLL,1,2,2,5,8,3,25,8,1,2,24,17,WDWLWWWWWWL,3,1,1,9,9,DLWDL,DLWWW
NAC Breda,SC Telstar,1-0,/match/nac-breda/stormvogels-telstar/2021,2021,12,eerste_divisie,20,26,0,1,0,4,21,7,0,4,22,12,WWWWWWLLLLW,4,0,2,14,8,10,16,4,4,3,20,16,DWLWWLDDWDL,2,2,1,7,8,WWWWLL,WWLDD
Roda JC,MVV Maastricht,2-0,/match/roda-jc/mvv/2021,2021,12,eerste_divisie,20,26,0,2,0,12,13,3,4,4,17,16,WWLWDDLDLDL,2,3,0,9,2,16,9,2,3,6,12,27,DLWLWDLLLDL,1,3,2,6,9,WWDDD,DWLDLD
Go Ahead Eagles,Den Bosch,3-0,/match/go-ahead-eagles/fc-den-bosch/2021,2021,12,eerste_divisie,20,26,0,3,0,9,16,4,4,3,12,9,DDWLDLWWLDW,1,2,2,5,6,19,8,2,2,7,11,21,LWLWLDLLLDL,0,1,4,4,14,DLLWD,LLLLD
Cambuur,Almere City,7-2,/match/sc-cambuur-leeuwarden/almere-city/2021,2021,12,eerste_divisie,20,26,0,7,2,2,25,8,1,2,36,11,WWLDWWWWWWL,4,0,2,17,7,1,27,8,3,0,25,9,DWWWWDWDWWW,3,2,0,14,8,WLWWWL,WWDDW
Jong AZ,NEC Nijmegen,0-3,/match/az-alkmaar-sub23/nec/2021,2021,12,eerste_divisie,20,26,2,0,3,18,8,2,2,7,19,34,LWLWLDLLLDL,1,2,2,14,17,6,20,6,2,3,21,12,LWWLLWDWWWD,3,1,2,9,7,LWDLD,LWLDWW
Jong Ajax,FC Volendam,1-1,/match/jong-ajax/fc-volendam/2021,2021,12,eerste_divisie,20,26,1,1,1,7,18,6,0,5,23,23,LLLWWLWWWLW,3,0,3,11,14,5,21,6,3,2,30,13,DLLWDDWWWWW,3,2,0,15,7,LLWWWL,DWDWW
Jong PSV,Jong Utrecht,1-1,/match/jong-psv/jong-utrecht/2021,2021,12,eerste_divisie,20,26,1,1,1,13,13,4,1,6,17,22,LWWLLWDLLLW,1,1,3,6,10,14,12,4,0,7,16,21,LLWLLWLLLWW,3,0,2,11,10,LLWDL,WLWLW
SC Telstar,Dordrecht,2-0,/match/stormvogels-telstar/fc-dordrecht/2021,2021,13,eerste_divisie,20,26,0,2,0,11,16,4,4,4,20,17,DWLWWLDDWDLL,2,2,2,13,8,20,5,1,2,9,8,35,DLLLWLLDLLLL,0,0,6,3,25,DLWDWL,LLLLLL
De Graafschap,Cambuur,0-2,/match/graafschap/sc-cambuur-leeuwarden/2021,2021,13,eerste_divisie,20,26,2,0,2,1,28,9,1,2,26,17,WDWLWWWWWWLW,5,0,1,15,8,2,28,9,1,2,43,13,WWLDWWWWWWLW,4,1,0,19,4,WWWWWL,WDWWW
Excelsior,Jong AZ,4-1,/match/excelsior/az-alkmaar-sub23/2021,2021,13,eerste_divisie,20,26,0,4,1,10,17,5,2,5,23,18,WLWLLLDWWDWL,2,0,3,11,10,18,8,2,2,8,19,37,LWLWLDLLLDLL,1,0,5,5,17,LLLWW,LWLLLL
NEC Nijmegen,Roda JC,1-1,/match/nec/roda-jc/2021,2021,13,eerste_divisie,20,26,1,1,1,5,23,7,2,3,24,12,LWWLLWDWWWDW,3,1,1,12,5,12,16,4,4,4,19,16,WWLWDDLDLDLW,1,1,4,8,14,WLWWD,WLDLLL
FC Volendam,TOP Oss,1-1,/match/fc-volendam/fc-oss/2021,2021,13,eerste_divisie,20,26,1,1,1,6,22,6,4,2,31,14,DLLWDDWWWWWD,3,1,2,15,6,16,11,3,2,7,9,20,LLLDLWDWWLLL,1,1,4,2,13,LLDWWW,LLLDWL
Den Bosch,Jong Ajax,2-2,/match/fc-den-bosch/jong-ajax/2021,2021,13,eerste_divisie,20,26,1,2,2,19,8,2,2,8,11,24,LWLWLDLLLDLL,2,1,3,7,7,8,19,6,1,5,24,24,LLLWWLWWWLWD,3,0,2,12,9,WWDLLL,LWLWW
MVV Maastricht,Jong PSV,3-3,/match/mvv/jong-psv/2021,2021,13,eerste_divisie,20,26,1,3,3,17,9,2,3,7,12,29,DLWLWDLLLDLL,1,0,4,6,18,13,14,4,2,6,18,23,LWWLLWDLLLWD,3,0,3,11,12,LWLLL,WWLLLW
Jong Utrecht,Helmond Sport,2-1,/match/jong-utrecht/helmond-sport/2021,2021,13,eerste_divisie,20,26,0,2,1,14,13,4,1,7,17,22,LLWLLWLLLWWD,1,0,5,5,11,15,12,3,3,6,11,20,WLDLLLWLLDDW,2,2,2,6,8,LLLLLW,WDLWLD
FC Eindhoven,NAC Breda,2-4,/match/fc-eindhoven/nac-breda/2021,2021,13,eerste_divisie,20,26,2,2,4,9,18,5,3,4,19,21,WLDWDLDLWLWW,2,3,1,14,8,4,24,8,0,4,23,12,WWWWWWLLLLWW,3,0,2,8,4,LDDDWW,WWLLW
Almere City,Go Ahead Eagles,3-0,/match/almere-city/go-ahead-eagles/2021,2021,13,eerste_divisie,20,26,0,3,0,3,27,8,3,1,27,16,DWWWWDWDWWWL,5,1,0,11,1,7,19,5,4,3,15,9,DDWLDLWWLDWW,3,2,1,7,3,DWWWWW,DWDWLW
Cambuur,Den Bosch,3-1,/match/sc-cambuur-leeuwarden/fc-den-bosch/2021,2021,14,eerste_divisie,20,26,0,3,1,1,31,10,1,2,45,13,WWLDWWWWWWLWW,5,0,2,24,9,18,9,2,3,8,13,26,LWLWLDLLLDLLD,0,1,5,4,17,WLWWWLW,LLLLDL
TOP Oss,NAC Breda,0-0,/match/fc-oss/nac-breda/2021,2021,14,eerste_divisie,20,26,1,0,0,16,12,3,3,7,10,21,LLLDLWDWWLLLD,2,1,3,7,7,4,27,9,0,4,27,14,WWWWWWLLLLWWW,4,0,2,12,6,LDWWLL,WWLLWW
FC Volendam,Almere City,2-2,/match/fc-volendam/almere-city/2021,2021,14,eerste_divisie,20,26,1,2,2,6,23,6,5,2,32,15,DLLWDDWWWWWDD,3,2,2,16,7,2,30,9,3,1,30,16,DWWWWDWDWWWLW,3,2,1,16,15,LLDWWWD,WWDDWL
Helmond Sport,Jong PSV,1-0,/match/helmond-sport/jong-psv/2021,2021,14,eerste_divisie,20,26,0,1,0,15,12,3,3,7,12,22,WLDLLLWLLDDWL,1,1,4,5,12,14,15,4,3,6,21,26,LWWLLWDLLLWDD,3,1,3,14,15,LLLLDW,WWLLLWD
Roda JC,Excelsior,3-1,/match/roda-jc/excelsior/2021,2021,14,eerste_divisie,20,26,0,3,1,12,17,4,5,4,20,17,WWLWDDLDLDLWD,3,3,0,11,2,7,20,6,2,5,27,19,WLWLLLDWWDWLW,3,2,2,12,8,WWDDDW,WWLDWDL
Dordrecht,Jong Ajax,3-1,/match/fc-dordrecht/jong-ajax/2021,2021,14,eerste_divisie,20,26,0,3,1,20,5,1,2,10,8,37,DLLLWLLDLLLLL,1,2,3,5,10,8,20,6,2,5,26,26,LLLWWLWWWLWDD,3,1,2,14,11,DLWDLL,LWLWWD
FC Eindhoven,De Graafschap,3-2,/match/fc-eindhoven/graafschap/2021,2021,14,eerste_divisie,20,26,0,3,2,11,18,5,3,5,21,25,WLDWDLDLWLWWL,2,3,2,16,12,3,28,9,1,3,26,19,WDWLWWWWWWLWL,4,1,1,11,9,LDDDWWL,DLWWWW
Jong Utrecht,SC Telstar,1-2,/match/jong-utrecht/stormvogels-telstar/2021,2021,14,eerste_divisie,20,26,2,1,2,13,16,5,1,7,19,23,LLWLLWLLLWWDW,2,0,5,7,12,9,19,5,4,4,22,17,DWLWWLDDWDLLW,2,2,2,7,9,LLLLLWW,WWLDDL
NEC Nijmegen,MVV Maastricht,2-1,/match/nec/mvv/2021,2021,14,eerste_divisie,20,26,0,2,1,5,24,7,3,3,25,13,LWWLLWDWWWDWD,3,2,1,13,6,17,10,2,4,7,15,32,DLWLWDLLLDLLD,1,3,3,6,11,WLWWDD,DWLDLDL
Go Ahead Eagles,Jong AZ,0-1,/match/go-ahead-eagles/az-alkmaar-sub23/2021,2021,14,eerste_divisie,20,26,2,0,1,10,19,5,4,4,15,12,DDWLDLWWLDWWL,2,2,2,8,6,19,8,2,2,9,20,41,LWLWLDLLLDLLL,1,0,6,6,21,DLLWDW,LWLLLLL
SC Telstar,Cambuur,1-2,/match/stormvogels-telstar/sc-cambuur-leeuwarden/2021,2021,15,eerste_divisie,20,26,2,1,2,7,22,6,4,4,24,18,DWLWWLDDWDLLWW,3,2,2,15,8,1,34,11,1,2,48,14,WWLDWWWWWWLWWW,5,1,0,21,4,DLWDWLW,WDWWWW
MVV Maastricht,De Graafschap,2-3,/match/mvv/graafschap/2021,2021,15,eerste_divisie,20,26,2,2,3,18,10,2,4,8,16,34,DLWLWDLLLDLLDL,1,1,4,9,21,3,28,9,1,4,28,22,WDWLWWWWWWLWLL,4,1,2,13,12,LWLLLD,DLWWWWL
Almere City,Jong Utrecht,4-1,/match/almere-city/jong-utrecht/2021,2021,15,eerste_divisie,20,26,0,4,1,2,31,9,4,1,32,18,DWWWWDWDWWWLWD,6,1,0,14,1,13,16,5,1,8,20,25,LLWLLWLLLWWDWL,3,1,2,12,11,DWWWWWW,WLWLWD
Helmond Sport,Go Ahead Eagles,0-2,/match/helmond-sport/go-ahead-eagles/2021,2021,15,eerste_divisie,20,26,2,0,2,15,15,4,3,7,13,22,WLDLLLWLLDDWLW,2,1,4,6,12,12,19,5,4,5,15,13,DDWLDLWWLDWWLL,3,2,2,7,6,LLLLDWW,DWDWLWL
Jong AZ,TOP Oss,0-1,/match/az-alkmaar-sub23/fc-oss/2021,2021,15,eerste_divisie,20,26,2,0,1,17,11,3,2,9,21,41,LWLWLDLLLDLLLW,1,2,3,14,20,16,13,3,4,7,10,21,LLLDLWDWWLLLDD,1,2,4,3,14,LWDLDL,LLLDWLD
Jong PSV,Roda JC,1-1,/match/jong-psv/roda-jc/2021,2021,15,eerste_divisie,20,26,1,1,1,14,15,4,3,7,21,27,LWWLLWDLLLWDDL,1,2,3,7,11,11,20,5,5,4,23,18,WWLWDDLDLDLWDW,1,2,4,9,15,LLWDLD,WLDLLLD
Den Bosch,NEC Nijmegen,2-2,/match/fc-den-bosch/nec/2021,2021,15,eerste_divisie,20,26,1,2,2,19,9,2,3,9,14,29,LWLWLDLLLDLLDL,2,2,3,9,9,5,27,8,3,3,27,14,LWWLLWDWWWDWDW,4,1,2,12,7,WWDLLLD,LWLDWWW
NAC Breda,Dordrecht,0-1,/match/nac-breda/fc-dordrecht/2021,2021,15,eerste_divisie,20,26,2,0,1,4,28,9,1,4,27,14,WWWWWWLLLLWWWD,5,0,2,15,8,20,8,2,2,10,11,38,DLLLWLLDLLLLLW,0,0,7,3,27,WWWWLLW,LLLLLLL
Jong Ajax,FC Eindhoven,1-1,/match/jong-ajax/fc-eindhoven/2021,2021,15,eerste_divisie,20,26,1,1,1,9,20,6,2,6,27,29,LLLWWLWWWLWDDL,3,1,3,12,15,8,21,6,3,5,24,27,WLDWDLDLWLWWLW,3,0,3,5,13,LLWWWLD,WWLLLW
Excelsior,FC Volendam,2-3,/match/excelsior/fc-volendam/2021,2021,15,eerste_divisie,20,26,2,2,3,10,20,6,2,6,28,22,WLWLLLDWWDWLWL,3,0,3,15,11,6,24,6,6,2,34,17,DLLWDDWWWWWDDD,3,3,0,16,8,LLLWWW,DWDWWD
TOP Oss,Jong PSV,3-2,/match/fc-oss/jong-psv/2021,2021,16,eerste_divisie,20,26,0,3,2,15,16,4,4,7,11,21,LLLDLWDWWLLLDDW,2,2,3,7,7,14,16,4,4,7,22,28,LWWLLWDLLLWDDLD,3,1,4,14,16,LDWWLLD,WWLLLWDL
Jong Utrecht,Excelsior,3-2,/match/jong-utrecht/excelsior/2021,2021,16,eerste_divisie,20,26,0,3,2,13,16,5,1,9,21,29,LLWLLWLLLWWDWLL,2,0,6,8,14,12,20,6,2,7,30,25,WLWLLLDWWDWLWLL,3,2,3,13,11,LLLLLWWL,WWLDWDLL
FC Volendam,Den Bosch,6-0,/match/fc-volendam/fc-den-bosch/2021,2021,16,eerste_divisie,20,26,0,6,0,6,27,7,6,2,37,19,DLLWDDWWWWWDDDW,3,3,2,18,9,20,10,2,4,9,16,31,LWLWLDLLLDLLDLD,0,1,6,5,20,LLDWWWDD,LLLLDLL
Go Ahead Eagles,NAC Breda,0-0,/match/go-ahead-eagles/nac-breda/2021,2021,16,eerste_divisie,20,26,1,0,0,9,22,6,4,5,17,13,DDWLDLWWLDWWLLW,2,2,3,8,7,4,28,9,1,5,27,15,WWWWWWLLLLWWWDL,4,1,2,12,6,DLLWDWL,WWLLWWD
De Graafschap,Jong Ajax,2-2,/match/graafschap/jong-ajax/2021,2021,16,eerste_divisie,20,26,1,2,2,3,31,10,1,4,31,24,WDWLWWWWWWLWLLW,5,0,2,15,10,11,21,6,3,6,28,30,LLLWWLWWWLWDDLD,3,1,3,15,14,WWWWWLL,LWLWWDL
SC Telstar,Almere City,2-3,/match/stormvogels-telstar/almere-city/2021,2021,16,eerste_divisie,20,26,2,2,3,7,22,6,4,5,25,20,DWLWWLDDWDLLWWL,3,2,3,16,10,2,34,10,4,1,36,19,DWWWWDWDWWWLWDW,3,3,1,18,17,DLWDWLWL,WWDDWLD
Dordrecht,NEC Nijmegen,1-2,/match/fc-dordrecht/nec/2021,2021,16,eerste_divisie,20,26,2,1,2,18,11,3,2,10,12,38,DLLLWLLDLLLLLWW,2,2,3,8,11,5,28,8,4,3,29,16,LWWLLWDWWWDWDWD,4,2,2,14,9,DLWDLLW,LWLDWWWD
Cambuur,Jong AZ,2-0,/match/sc-cambuur-leeuwarden/az-alkmaar-sub23/2021,2021,16,eerste_divisie,20,26,0,2,0,1,37,12,1,2,50,15,WWLDWWWWWWLWWWW,6,0,2,27,10,17,11,3,2,10,21,42,LWLWLDLLLDLLLWL,2,0,6,7,21,WLWWWLWW,LWLLLLLW
FC Eindhoven,MVV Maastricht,4-0,/match/fc-eindhoven/mvv/2021,2021,16,eerste_divisie,20,26,0,4,0,8,22,6,4,5,25,28,WLDWDLDLWLWWLWD,3,3,2,19,14,19,10,2,4,9,18,37,DLWLWDLLLDLLDLL,1,3,4,7,13,LDDDWWLW,DWLDLDLL
Roda JC,Helmond Sport,2-2,/match/roda-jc/helmond-sport/2021,2021,16,eerste_divisie,20,26,1,2,2,10,21,5,6,4,24,19,WWLWDDLDLDLWDWD,4,3,0,14,3,16,15,4,3,8,13,24,WLDLLLWLLDDWLWL,2,2,3,7,10,WWDDDWW,WDLWLDL
Den Bosch,FC Eindhoven,1-1,/match/fc-den-bosch/fc-eindhoven/2021,2021,17,eerste_divisie,20,26,1,1,1,20,10,2,4,10,16,37,LWLWLDLLLDLLDLDL,2,3,3,11,11,7,25,7,4,5,29,28,WLDWDLDLWLWWLWDW,3,1,3,6,14,WWDLLLDD,WWLLLWD
NAC Breda,FC Volendam,3-0,/match/nac-breda/fc-volendam/2021,2021,17,eerste_divisie,20,26,0,3,0,6,29,9,2,5,27,15,WWWWWWLLLLWWWDLD,5,0,3,15,9,5,30,8,6,2,43,19,DLLWDDWWWWWDDDWW,4,3,0,19,10,WWWWLLWL,DWDWWDW
MVV Maastricht,Dordrecht,3-1,/match/mvv/fc-dordrecht/2021,2021,17,eerste_divisie,20,26,0,3,1,19,10,2,4,10,18,41,DLWLWDLLLDLLDLLL,1,1,5,11,24,18,11,3,2,11,13,40,DLLLWLLDLLLLLWWL,1,0,7,4,27,LWLLLDL,LLLLLLLW
Jong AZ,Helmond Sport,2-2,/match/az-alkmaar-sub23/helmond-sport/2021,2021,17,eerste_divisie,20,26,1,2,2,17,11,3,2,11,21,44,LWLWLDLLLDLLLWLL,1,2,4,14,21,16,16,4,4,8,15,26,WLDLLLWLLDDWLWLD,2,3,3,9,12,LWDLDLL,WDLWLDLD
De Graafschap,Jong Utrecht,3-1,/match/graafschap/jong-utrecht/2021,2021,17,eerste_divisie,20,26,0,3,1,3,32,10,2,4,33,26,WDWLWWWWWWLWLLWD,5,1,2,17,12,13,19,6,1,9,24,31,LLWLLWLLLWWDWLLW,3,1,3,13,15,WWWWWLLD,WLWLWDL
NEC Nijmegen,TOP Oss,0-1,/match/nec/fc-oss/2021,2021,17,eerste_divisie,20,26,2,0,1,4,31,9,4,3,31,17,LWWLLWDWWWDWDWDW,4,2,1,15,7,14,19,5,4,7,14,23,LLLDLWDWWLLLDDWW,2,2,4,4,14,WLWWDDW,LLLDWLDW
Excelsior,Cambuur,0-1,/match/excelsior/sc-cambuur-leeuwarden/2021,2021,17,eerste_divisie,20,26,2,0,1,12,20,6,2,8,32,28,WLWLLLDWWDWLWLLL,3,0,4,17,14,1,40,13,1,2,52,15,WWLDWWWWWWLWWWWW,6,1,0,23,5,LLLWWWL,WDWWWWW
Roda JC,Go Ahead Eagles,0-3,/match/roda-jc/go-ahead-eagles/2021,2021,17,eerste_divisie,20,26,2,0,3,9,22,5,7,4,26,21,WWLWDDLDLDLWDWDD,4,4,0,16,5,8,23,6,5,5,17,13,DDWLDLWWLDWWLLWD,4,2,2,9,6,WWDDDWWD,DWDWLWLW
Jong PSV,Almere City,1-2,/match/jong-psv/almere-city/2021,2021,17,eerste_divisie,20,26,2,1,2,15,16,4,4,8,24,31,LWWLLWDLLLWDDLDL,1,3,3,8,12,2,37,11,4,1,39,21,DWWWWDWDWWWLWDWW,4,3,1,21,19,LLWDLDD,WWDDWLDW
Jong Ajax,SC Telstar,1-2,/match/jong-ajax/stormvogels-telstar/2021,2021,17,eerste_divisie,20,26,2,1,2,10,22,6,4,6,30,32,LLLWWLWWWLWDDLDD,3,2,3,13,16,11,22,6,4,6,27,23,DWLWWLDDWDLLWWLL,3,2,2,9,10,LLWWWLDD,WWLDDLW
Helmond Sport,Dordrecht,5-2,/match/helmond-sport/fc-dordrecht/2021,2021,18,eerste_divisie,20,26,0,5,2,15,17,4,5,8,17,28,WLDLLLWLLDDWLWLDD,2,1,5,6,14,19,11,3,2,12,14,43,DLLLWLLDLLLLLWWLL,1,0,8,5,30,LLLLDWWL,LLLLLLLWL
Almere City,De Graafschap,1-0,/match/almere-city/graafschap/2021,2021,18,eerste_divisie,20,26,0,1,0,2,40,12,4,1,41,22,DWWWWDWDWWWLWDWWW,7,1,0,18,2,3,35,11,2,4,36,27,WDWLWWWWWWLWLLWDW,5,1,2,16,14,DWWWWWWW,DLWWWWLW
Excelsior,NAC Breda,0-3,/match/excelsior/nac-breda/2021,2021,18,eerste_divisie,20,26,2,0,3,13,20,6,2,9,32,29,WLWLLLDWWDWLWLLLL,3,0,5,17,15,4,32,10,2,5,30,15,WWWWWWLLLLWWWDLDW,4,2,2,12,6,LLLWWWLL,WWLLWWDD
FC Eindhoven,Cambuur,2-5,/match/fc-eindhoven/sc-cambuur-leeuwarden/2021,2021,18,eerste_divisie,20,26,2,2,5,7,26,7,5,5,30,29,WLDWDLDLWLWWLWDWD,4,3,2,23,14,1,43,14,1,2,53,15,WWLDWWWWWWLWWWWWW,7,1,0,24,5,LDDDWWLWW,WDWWWWWW
SC Telstar,NEC Nijmegen,5-2,/match/stormvogels-telstar/nec/2021,2021,18,eerste_divisie,20,26,0,5,2,9,25,7,4,6,29,24,DWLWWLDDWDLLWWLLW,3,2,4,18,13,5,31,9,4,4,31,18,LWWLLWDWWWDWDWDWL,5,2,2,16,10,DLWDWLWLL,LWLDWWWDW
FC Volendam,MVV Maastricht,0-1,/match/fc-volendam/mvv/2021,2021,18,eerste_divisie,20,26,2,0,1,6,30,8,6,3,43,22,DLLWDDWWWWWDDDWWL,4,3,2,24,9,17,13,3,4,10,21,42,DLWLWDLLLDLLDLLLW,1,3,5,7,17,LLDWWWDDW,DWLDLDLLL
Jong AZ,Roda JC,0-1,/match/az-alkmaar-sub23/roda-jc/2021,2021,18,eerste_divisie,20,26,2,0,1,18,12,3,3,11,23,46,LWLWLDLLLDLLLWLLD,1,3,4,16,23,11,22,5,7,5,26,24,WWLWDDLDLDLWDWDDL,1,3,4,10,16,LWDLDLLD,WLDLLLDD
Jong Utrecht,Den Bosch,3-1,/match/jong-utrecht/fc-den-bosch/2021,2021,18,eerste_divisie,20,26,0,3,1,14,19,6,1,10,25,34,LLWLLWLLLWWDWLLWL,3,0,6,11,16,20,11,2,5,10,17,38,LWLWLDLLLDLLDLDLD,0,1,7,5,26,LLLLLWWLW,LLLLDLLL
Jong PSV,Go Ahead Eagles,2-3,/match/jong-psv/go-ahead-eagles/2021,2021,18,eerste_divisie,20,26,2,2,3,16,16,4,4,9,25,33,LWWLLWDLLLWDDLDLL,1,3,4,9,14,8,26,7,5,5,20,13,DDWLDLWWLDWWLLWDW,5,2,2,12,6,LLWDLDDL,DWDWLWLWW
TOP Oss,Jong Ajax,1-0,/match/fc-oss/jong-ajax/2021,2021,18,eerste_divisie,20,26,0,1,0,12,22,6,4,7,15,23,LLLDLWDWWLLLDDWWW,3,2,3,10,9,10,22,6,4,7,31,34,LLLWWLWWWLWDDLDDL,3,2,3,17,16,LDWWLLDW,LWLWWDLD
MVV Maastricht,Jong Utrecht,0-2,/match/mvv/jong-utrecht/2021,2021,19,eerste_divisie,20,26,2,0,2,17,16,4,4,10,22,42,DLWLWDLLLDLLDLLLWW,2,1,5,14,25,13,22,7,1,10,28,35,LLWLLWLLLWWDWLLWLW,3,1,4,14,18,LWLLLDLW,WLWLWDLL
De Graafschap,SC Telstar,2-0,/match/graafschap/stormvogels-telstar/2021,2021,19,eerste_divisie,20,26,0,2,0,3,35,11,2,5,36,28,WDWLWWWWWWLWLLWDWL,6,1,2,20,13,8,28,8,4,6,34,26,DWLWWLDDWDLLWWLLWW,4,2,2,11,11,WWWWWLLDW,WWLDDLWW
NEC Nijmegen,Excelsior,3-2,/match/nec/excelsior/2021,2021,19,eerste_divisie,20,26,0,3,2,5,31,9,4,5,33,23,LWWLLWDWWWDWDWDWLL,4,2,2,15,8,14,20,6,2,10,32,32,WLWLLLDWWDWLWLLLLL,3,2,4,15,14,WLWWDDWL,WWLDWDLLL
Cambuur,FC Volendam,0-1,/match/sc-cambuur-leeuwarden/fc-volendam/2021,2021,19,eerste_divisie,20,26,2,0,1,1,46,15,1,2,58,17,WWLDWWWWWWLWWWWWWW,7,0,2,29,10,6,30,8,6,4,43,23,DLLWDDWWWWWDDDWWLL,4,3,1,19,13,WLWWWLWWW,DWDWWDWL
Almere City,FC Eindhoven,0-0,/match/almere-city/fc-eindhoven/2021,2021,19,eerste_divisie,20,26,1,0,0,2,43,13,4,1,42,22,DWWWWDWDWWWLWDWWWW,8,1,0,19,2,9,26,7,5,6,32,34,WLDWDLDLWLWWLWDWDL,3,2,3,7,15,DWWWWWWWW,WWLLLWDD
NAC Breda,Roda JC,2-2,/match/nac-breda/roda-jc/2021,2021,19,eerste_divisie,20,26,1,2,2,4,35,11,2,5,33,15,WWWWWWLLLLWWWDLDWW,6,0,3,18,9,11,25,6,7,5,27,24,WWLWDDLDLDLWDWDDLW,2,3,4,11,16,WWWWLLWLW,WLDLLLDDW
Jong Ajax,Helmond Sport,2-2,/match/jong-ajax/helmond-sport/2021,2021,19,eerste_divisie,20,26,1,2,2,12,22,6,4,8,31,35,LLLWWLWWWLWDDLDDLL,3,2,4,14,18,15,20,5,5,8,22,30,WLDLLLWLLDDWLWLDDW,2,4,3,11,14,LLWWWLDDL,WDLWLDLDD
Go Ahead Eagles,TOP Oss,1-0,/match/go-ahead-eagles/fc-oss/2021,2021,19,eerste_divisie,20,26,0,1,0,7,29,8,5,5,23,15,DDWLDLWWLDWWLLWDWW,2,3,3,8,7,10,25,7,4,7,16,23,LLLDLWDWWLLLDDWWWW,3,2,4,5,14,DLLWDWLD,LLLDWLDWW
Den Bosch,Jong AZ,1-2,/match/fc-den-bosch/az-alkmaar-sub23/2021,2021,19,eerste_divisie,20,26,2,1,2,20,11,2,5,11,18,41,LWLWLDLLLDLLDLDLDL,2,4,3,12,12,18,12,3,3,12,23,47,LWLWLDLLLDLLLWLLDL,2,0,7,7,23,WWDLLLDDD,LWLLLLLWL
Dordrecht,Jong PSV,2-3,/match/fc-dordrecht/jong-psv/2021,2021,19,eerste_divisie,20,26,2,2,3,19,11,3,2,13,16,48,DLLLWLLDLLLLLWWLLL,2,2,4,9,13,16,16,4,4,10,27,36,LWWLLWDLLLWDDLDLLL,3,1,5,16,19,DLWDLLWL,WWLLLWDLL
Excelsior,FC Eindhoven,1-0,/match/excelsior/fc-eindhoven/2021,2021,20,eerste_divisie,20,26,0,1,0,15,20,6,2,11,34,35,WLWLLLDWWDWLWLLLLLL,3,0,6,17,18,9,27,7,6,6,32,34,WLDWDLDLWLWWLWDWDLD,3,3,3,7,15,LLLWWWLLL,WWLLLWDDD
Dordrecht,FC Volendam,0-0,/match/fc-dordrecht/fc-volendam/2021,2021,20,eerste_divisie,20,26,1,0,0,19,11,3,2,14,18,51,DLLLWLLDLLLLLWWLLLL,2,2,5,11,16,6,33,9,6,4,44,23,DLLWDDWWWWWDDDWWLLW,5,3,1,20,13,DLWDLLWLL,DWDWWDWLW
Roda JC,De Graafschap,1-3,/match/roda-jc/graafschap/2021,2021,20,eerste_divisie,20,26,2,1,3,10,26,6,8,5,29,26,WWLWDDLDLDLWDWDDLWD,4,4,1,16,8,3,38,12,2,5,38,28,WDWLWWWWWWLWLLWDWLW,5,1,3,16,15,WWDDDWWDL,DLWWWWLWL
Go Ahead Eagles,MVV Maastricht,3-0,/match/go-ahead-eagles/mvv/2021,2021,20,eerste_divisie,20,26,0,3,0,7,32,9,5,5,24,15,DDWLDLWWLDWWLLWDWWW,3,3,3,9,7,17,16,4,4,11,22,44,DLWLWDLLLDLLDLLLWWL,2,3,5,8,17,DLLWDWLDW,DWLDLDLLLW
Jong AZ,Almere City,2-5,/match/az-alkmaar-sub23/almere-city/2021,2021,20,eerste_divisie,20,26,2,2,5,18,15,4,3,12,25,48,LWLWLDLLLDLLLWLLDLW,1,3,5,16,24,2,44,13,5,1,42,22,DWWWWDWDWWWLWDWWWWD,5,3,1,23,20,LWDLDLLDL,WWDDWLDWW
Helmond Sport,Den Bosch,4-0,/match/helmond-sport/fc-den-bosch/2021,2021,20,eerste_divisie,20,26,0,4,0,14,21,5,6,8,24,32,WLDLLLWLLDDWLWLDDWD,3,1,5,11,16,20,11,2,5,12,19,43,LWLWLDLLLDLLDLDLDLL,0,1,8,6,29,LLLLDWWLW,LLLLDLLLL
TOP Oss,SC Telstar,1-4,/match/fc-oss/stormvogels-telstar/2021,2021,20,eerste_divisie,20,26,2,1,4,11,25,7,4,8,16,24,LLLDLWDWWLLLDDWWWWL,4,2,3,11,9,8,28,8,4,7,34,28,DWLWWLDDWDLLWWLLWWL,4,2,3,11,13,LDWWLLDWW,WWLDDLWWL
NEC Nijmegen,Cambuur,0-0,/match/nec/sc-cambuur-leeuwarden/2021,2021,20,eerste_divisie,20,26,1,0,0,5,34,10,4,5,36,25,LWWLLWDWWWDWDWDWLLW,5,2,2,18,10,1,46,15,1,3,58,18,WWLDWWWWWWLWWWWWWWL,8,1,0,29,7,WLWWDDWLW,WDWWWWWWW
Jong Utrecht,Jong Ajax,1-2,/match/jong-utrecht/jong-ajax/2021,2021,20,eerste_divisie,20,26,2,1,2,12,25,8,1,10,30,35,LLWLLWLLLWWDWLLWLWW,4,0,6,14,17,13,23,6,5,8,33,37,LLLWWLWWWLWDDLDDLLD,3,2,4,17,17,LLLLLWWLWW,LWLWWDLDL
Jong PSV,NAC Breda,1-1,/match/jong-psv/nac-breda/2021,2021,20,eerste_divisie,20,26,1,1,1,16,19,5,4,10,30,38,LWWLLWDLLLWDDLDLLLW,1,3,5,11,17,4,36,11,3,5,35,17,WWWWWWLLLLWWWDLDWWD,5,2,2,15,6,LLWDLDDLL,WWLLWWDDW
Cambuur,Jong PSV,5-1,/match/sc-cambuur-leeuwarden/jong-psv/2021,2021,21,eerste_divisie,20,26,0,5,1,1,47,15,2,3,58,18,WWLDWWWWWWLWWWWWWWLD,7,0,3,29,11,16,20,5,5,10,31,39,LWWLLWDLLLWDDLDLLLWD,4,1,5,19,21,WLWWWLWWWL,WWLLLWDLLW
MVV Maastricht,Helmond Sport,1-1,/match/mvv/helmond-sport/2021,2021,21,eerste_divisie,20,26,1,1,1,17,16,4,4,12,22,47,DLWLWDLLLDLLDLLLWWLL,2,1,6,14,27,14,24,6,6,8,28,32,WLDLLLWLLDDWLWLDDWDW,2,5,3,13,16,LWLLLDLWL,WDLWLDLDDD
Almere City,Dordrecht,3-0,/match/almere-city/fc-dordrecht/2021,2021,21,eerste_divisie,20,26,0,3,0,2,47,14,5,1,47,24,DWWWWDWDWWWLWDWWWWDW,8,2,0,19,2,19,12,3,3,14,18,51,DLLLWLLDLLLLLWWLLLLD,1,0,9,7,35,DWWWWWWWWD,LLLLLLLWLL
SC Telstar,Jong AZ,2-2,/match/stormvogels-telstar/az-alkmaar-sub23/2021,2021,21,eerste_divisie,20,26,1,2,2,8,31,9,4,7,38,29,DWLWWLDDWDLLWWLLWWLW,4,2,4,23,15,18,15,4,3,13,27,53,LWLWLDLLLDLLLWLLDLWL,3,0,7,9,24,DLWDWLWLLW,LWLLLLLWLW
Den Bosch,NAC Breda,1-1,/match/fc-den-bosch/nac-breda/2021,2021,21,eerste_divisie,20,26,1,1,1,20,11,2,5,13,19,47,LWLWLDLLLDLLDLDLDLLL,2,4,4,13,14,4,37,11,4,5,36,18,WWWWWWLLLLWWWDLDWWDD,5,3,2,16,7,WWDLLLDDDL,WWLLWWDDWD
TOP Oss,Excelsior,1-3,/match/fc-oss/excelsior/2021,2021,21,eerste_divisie,20,26,2,1,3,12,25,7,4,9,17,28,LLLDLWDWWLLLDDWWWWLL,4,2,4,12,13,15,23,7,2,11,35,35,WLWLLLDWWDWLWLLLLLLW,3,2,5,17,17,LDWWLLDWWL,WWLDWDLLLL
FC Volendam,De Graafschap,1-4,/match/fc-volendam/graafschap/2021,2021,21,eerste_divisie,20,26,2,1,4,7,34,9,7,4,44,23,DLLWDDWWWWWDDDWWLLWD,4,3,3,24,10,3,41,13,2,5,41,29,WDWLWWWWWWLWLLWDWLWW,6,1,3,19,16,LLDWWWDDWL,DLWWWWLWLW
Roda JC,Jong Utrecht,2-1,/match/roda-jc/jong-utrecht/2021,2021,21,eerste_divisie,20,26,0,2,1,11,26,6,8,6,30,29,WWLWDDLDLDLWDWDDLWDL,4,4,2,17,11,13,25,8,1,11,31,37,LLWLLWLLLWWDWLLWLWWL,4,1,4,16,18,WWDDDWWDLL,WLWLWDLLW
Jong Ajax,Go Ahead Eagles,0-2,/match/jong-ajax/go-ahead-eagles/2021,2021,21,eerste_divisie,20,26,2,0,2,10,26,7,5,8,35,38,LLLWWLWWWLWDDLDDLLDW,3,3,4,16,20,6,35,10,5,5,27,15,DDWLDLWWLDWWLLWDWWWW,6,2,2,15,8,LLWWWLDDLD,DWDWLWLWWW
FC Eindhoven,NEC Nijmegen,0-1,/match/fc-eindhoven/nec/2021,2021,21,eerste_divisie,20,26,2,0,1,9,27,7,6,7,32,35,WLDWDLDLWLWWLWDWDLDL,4,3,3,25,19,5,35,10,5,5,36,25,LWWLLWDWWWDWDWDWLLWD,5,2,3,18,15,LDDDWWLWWL,LWLDWWWDWL
Jong PSV,Jong Ajax,1-2,/match/jong-psv/jong-ajax/2021,2021,22,eerste_divisie,20,26,2,1,2,16,20,5,5,11,32,44,LWWLLWDLLLWDDLDLLLWDL,1,4,5,12,18,11,26,7,5,9,35,40,LLLWWLWWWLWDDLDDLLDWL,4,2,4,19,18,LLWDLDDLLD,LWLWWDLDLW
Helmond Sport,SC Telstar,1-1,/match/helmond-sport/stormvogels-telstar/2021,2021,22,eerste_divisie,20,26,1,1,1,15,25,6,7,8,29,33,WLDLLLWLLDDWLWLDDWDWD,4,1,5,15,16,8,32,9,5,7,40,31,DWLWWLDDWDLLWWLLWWLWD,5,2,3,15,14,LLLLDWWLWW,WWLDDLWWLW
De Graafschap,TOP Oss,2-1,/match/graafschap/fc-oss/2021,2021,22,eerste_divisie,20,26,0,2,1,3,44,14,2,5,45,30,WDWLWWWWWWLWLLWDWLWWW,7,1,2,22,13,13,25,7,4,10,18,31,LLLDLWDWWLLLDDWWWWLLL,3,2,5,5,15,WWWWWLLDWW,LLLDWLDWWL
NEC Nijmegen,Jong Utrecht,2-0,/match/nec/jong-utrecht/2021,2021,22,eerste_divisie,20,26,0,2,0,5,38,11,5,5,37,25,LWWLLWDWWWDWDWDWLLWDW,5,3,2,18,10,14,25,8,1,12,32,39,LLWLLWLLLWWDWLLWLWWLL,4,1,5,17,20,WLWWDDWLWD,WLWLWDLLWL
Excelsior,Den Bosch,4-4,/match/excelsior/fc-den-bosch/2021,2021,22,eerste_divisie,20,26,1,4,4,12,26,8,2,11,38,36,WLWLLLDWWDWLWLLLLLLWW,4,0,6,18,18,20,12,2,6,13,20,48,LWLWLDLLLDLLDLDLDLLLD,0,1,9,6,33,LLLWWWLLLW,LLLLDLLLLL
Dordrecht,Roda JC,0-5,/match/fc-dordrecht/roda-jc/2021,2021,22,eerste_divisie,20,26,2,0,5,19,12,3,3,15,18,54,DLLLWLLDLLLLLWWLLLLDL,2,3,5,11,16,9,29,7,8,6,32,30,WWLWDDLDLDLWDWDDLWDLW,2,4,4,13,18,DLWDLLWLLD,WLDLLLDDWD
Cambuur,MVV Maastricht,2-0,/match/sc-cambuur-leeuwarden/mvv/2021,2021,22,eerste_divisie,20,26,0,2,0,1,50,16,2,3,63,19,WWLDWWWWWWLWWWWWWWLDW,8,0,3,34,12,17,17,4,5,12,23,48,DLWLWDLLLDLLDLLLWWLLD,2,3,6,8,20,WLWWWLWWWLW,DWLDLDLLLWL
Jong AZ,FC Eindhoven,3-2,/match/az-alkmaar-sub23/fc-eindhoven/2021,2021,22,eerste_divisie,20,26,0,3,2,18,16,4,4,13,29,55,LWLWLDLLLDLLLWLLDLWLD,1,3,6,18,29,10,27,7,6,8,32,36,WLDWDLDLWLWWLWDWDLDLL,3,3,4,7,16,LWDLDLLDLL,WWLLLWDDDL
NAC Breda,Almere City,4-0,/match/nac-breda/almere-city/2021,2021,22,eerste_divisie,20,26,0,4,0,4,38,11,5,5,37,19,WWWWWWLLLLWWWDLDWWDDD,6,1,3,20,11,2,50,15,5,1,50,24,DWWWWDWDWWWLWDWWWWDWW,6,3,1,28,22,WWWWLLWLWD,WWDDWLDWWW
Go Ahead Eagles,FC Volendam,1-3,/match/go-ahead-eagles/fc-volendam/2021,2021,22,eerste_divisie,20,26,2,1,3,6,38,11,5,5,29,15,DDWLDLWWLDWWLLWDWWWWW,4,3,3,12,7,7,34,9,7,5,45,27,DLLWDDWWWWWDDDWWLLWDL,5,4,1,20,13,DLLWDWLDWW,DWDWWDWLWD
FC Eindhoven,Go Ahead Eagles,0-2,/match/fc-eindhoven/go-ahead-eagles/2021,2021,23,eerste_divisie,20,26,2,0,2,11,27,7,6,9,34,39,WLDWDLDLWLWWLWDWDLDLLL,4,3,4,25,20,6,38,11,5,6,30,18,DDWLDLWWLDWWLLWDWWWWWL,7,2,2,17,8,LDDDWWLWWLL,DWDWLWLWWWW
TOP Oss,Jong AZ,6-0,/match/fc-oss/az-alkmaar-sub23/2021,2021,23,eerste_divisie,20,26,0,6,0,14,25,7,4,11,19,33,LLLDLWDWWLLLDDWWWWLLLL,4,2,5,13,16,17,19,5,4,13,32,57,LWLWLDLLLDLLLWLLDLWLDW,3,1,7,11,26,LDWWLLDWWLL,LWLLLLLWLWD
FC Volendam,Excelsior,0-2,/match/fc-volendam/excelsior/2021,2021,23,eerste_divisie,20,26,2,0,2,7,37,10,7,5,48,28,DLLWDDWWWWWDDDWWLLWDLW,4,3,4,25,14,12,27,8,3,11,42,40,WLWLLLDWWDWLWLLLLLLWWD,4,2,5,20,18,LLDWWWDDWLL,WWLDWDLLLLW
Roda JC,Jong PSV,5-1,/match/roda-jc/jong-psv/2021,2021,23,eerste_divisie,20,26,0,5,1,9,32,8,8,6,37,30,WWLWDDLDLDLWDWDDLWDLWW,5,4,2,19,12,16,20,5,5,12,33,46,LWWLLWDLLLWDDLDLLLWDLL,4,1,6,20,26,WWDDDWWDLLW,WWLLLWDLLWL
Den Bosch,De Graafschap,2-3,/match/fc-den-bosch/graafschap/2021,2021,23,eerste_divisie,20,26,2,2,3,19,13,2,7,13,24,52,LWLWLDLLLDLLDLDLDLLLDD,2,5,4,14,15,3,47,15,2,5,47,31,WDWLWWWWWWLWLLWDWLWWWW,7,1,3,23,17,WWDLLLDDDLD,DLWWWWLWLWW
MVV Maastricht,NEC Nijmegen,2-1,/match/mvv/nec/2021,2021,23,eerste_divisie,20,26,0,2,1,18,17,4,5,13,23,50,DLWLWDLLLDLLDLLLWWLLDL,2,2,6,15,28,5,41,12,5,5,39,25,LWWLLWDWWWDWDWDWLLWDWW,6,2,3,19,15,LWLLLDLWLD,LWLDWWWDWLW
Helmond Sport,Almere City,2-1,/match/helmond-sport/almere-city/2021,2021,23,eerste_divisie,20,26,0,2,1,13,26,6,8,8,30,34,WLDLLLWLLDDWLWLDDWDWDD,4,2,5,16,17,2,50,15,5,2,50,28,DWWWWDWDWWWLWDWWWWDWWL,6,3,2,28,26,LLLLDWWLWWD,WWDDWLDWWWL
SC Telstar,NAC Breda,1-2,/match/stormvogels-telstar/nac-breda/2021,2021,23,eerste_divisie,20,26,2,1,2,8,33,9,6,7,41,32,DWLWWLDDWDLLWWLLWWLWDD,4,3,4,25,17,4,41,12,5,5,41,19,WWWWWWLLLLWWWDLDWWDDDW,5,4,2,17,8,DLWDWLWLLWD,WWLLWWDDWDD
Jong Ajax,Cambuur,1-1,/match/jong-ajax/sc-cambuur-leeuwarden/2021,2021,23,eerste_divisie,20,26,1,1,1,10,29,8,5,9,37,41,LLLWWLWWWLWDDLDDLLDWLW,3,3,5,16,22,1,53,17,2,3,65,19,WWLDWWWWWWLWWWWWWWLDWW,8,2,0,29,7,LLWWWLDDLDL,WDWWWWWWWD
NAC Breda,FC Eindhoven,2-1,/match/nac-breda/fc-eindhoven/2021,2021,24,eerste_divisie,20,26,0,2,1,4,44,13,5,5,43,20,WWWWWWLLLLWWWDLDWWDDDWW,7,1,3,24,11,14,27,7,6,10,34,41,WLDWDLDLWLWWLWDWDLDLLLL,3,3,5,9,19,WWWWLLWLWDW,WWLLLWDDDLL
Jong AZ,Jong Utrecht,3-2,/match/az-alkmaar-sub23/jong-utrecht/2021,2021,24,eerste_divisie,20,26,0,3,2,18,19,5,4,14,32,63,LWLWLDLLLDLLLWLLDLWLDWL,2,3,6,21,31,15,25,8,1,13,32,41,LLWLLWLLLWWDWLLWLWWLLL,4,1,6,17,22,LWDLDLLDLLW,WLWLWDLLWLL
Go Ahead Eagles,SC Telstar,1-0,/match/go-ahead-eagles/stormvogels-telstar/2021,2021,24,eerste_divisie,20,26,0,1,0,6,41,12,5,6,32,18,DDWLDLWWLDWWLLWDWWWWWLW,4,3,4,13,10,9,33,9,6,8,42,34,DWLWWLDDWDLLWWLLWWLWDDL,5,3,3,16,15,DLLWDWLDWWL,WWLDDLWWLWD
De Graafschap,MVV Maastricht,1-0,/match/graafschap/mvv/2021,2021,24,eerste_divisie,20,26,0,1,0,2,50,16,2,5,50,33,WDWLWWWWWWLWLLWDWLWWWWW,8,1,2,24,14,17,20,5,5,13,25,51,DLWLWDLLLDLLDLLLWWLLDLW,2,3,7,8,22,WWWWWLLDWWW,DWLDLDLLLWLL
Jong Ajax,Dordrecht,1-2,/match/jong-ajax/fc-dordrecht/2021,2021,24,eerste_divisie,20,26,2,1,2,10,30,8,6,9,38,42,LLLWWLWWWLWDDLDDLLDWLWD,3,4,5,17,23,20,12,3,3,16,18,59,DLLLWLLDLLLLLWWLLLLDLL,1,0,10,7,38,LLWWWLDDLDLD,LLLLLLLWLLL
Excelsior,Roda JC,1-3,/match/excelsior/roda-jc/2021,2021,24,eerste_divisie,20,26,2,1,3,11,30,9,3,11,44,40,WLWLLLDWWDWLWLLLLLLWWDW,4,1,6,22,22,8,35,9,8,6,42,31,WWLWDDLDLDLWDWDDLWDLWWW,3,4,4,18,18,LLLWWWLLLWD,WLDLLLDDWDW
Cambuur,TOP Oss,3-0,/match/sc-cambuur-leeuwarden/fc-oss/2021,2021,24,eerste_divisie,20,26,0,3,0,1,54,17,3,3,66,20,WWLDWWWWWWLWWWWWWWLDWWD,9,0,3,36,12,13,28,8,4,11,25,33,LLLDLWDWWLLLDDWWWWLLLLW,3,2,6,6,17,WLWWWLWWWLWW,LLLDWLDWWLL
Jong PSV,Helmond Sport,2-2,/match/jong-psv/helmond-sport/2021,2021,24,eerste_divisie,20,26,1,2,2,16,20,5,5,13,34,51,LWWLLWDLLLWDDLDLLLWDLLL,1,4,6,13,20,12,29,7,8,8,32,35,WLDLLLWLLDDWLWLDDWDWDDW,2,6,3,14,17,LLWDLDDLLDL,WDLWLDLDDDD
Dordrecht,NAC Breda,2-3,/match/fc-dordrecht/nac-breda/2021,2021,25,eerste_divisie,20,26,2,2,3,19,15,4,3,16,20,60,DLLLWLLDLLLLLWWLLLLDLLW,2,3,6,11,21,4,47,14,5,5,45,21,WWWWWWLLLLWWWDLDWWDDDWWW,6,4,2,19,9,DLWDLLWLLDL,WWLLWWDDWDDW
Jong PSV,Den Bosch,1-0,/match/jong-psv/fc-den-bosch/2021,2021,25,eerste_divisie,20,26,0,1,0,17,21,5,6,13,36,53,LWWLLWDLLLWDDLDLLLWDLLLD,1,5,6,15,22,20,13,2,7,14,26,55,LWLWLDLLLDLLDLDLDLLLDDL,0,2,9,10,37,LLWDLDDLLDLD,LLLLDLLLLLD
Helmond Sport,Roda JC,1-2,/match/helmond-sport/roda-jc/2021,2021,25,eerste_divisie,20,26,2,1,2,10,30,7,9,8,34,37,WLDLLLWLLDDWLWLDDWDWDDWD,5,2,5,18,18,7,38,10,8,6,45,32,WWLWDDLDLDLWDWDDLWDLWWWW,4,4,4,21,19,LLLLDWWLWWDW,WLDLLLDDWDWW
SC Telstar,FC Eindhoven,1-1,/match/stormvogels-telstar/fc-eindhoven/2021,2021,25,eerste_divisie,20,26,1,1,1,9,33,9,6,9,42,35,DWLWWLDDWDLLWWLLWWLWDDLL,4,3,5,26,19,14,27,7,6,11,35,43,WLDWDLDLWLWWLWDWDLDLLLLL,3,3,6,10,21,DLWDWLWLLWDL,WWLLLWDDDLLL
TOP Oss,Almere City,2-4,/match/fc-oss/almere-city/2021,2021,25,eerste_divisie,20,26,2,2,4,13,28,8,4,12,25,36,LLLDLWDWWLLLDDWWWWLLLLWL,5,2,5,19,16,3,50,15,5,3,51,30,DWWWWDWDWWWLWDWWWWDWWLL,6,3,3,29,28,LDWWLLDWWLLW,WWDDWLDWWWLL
MVV Maastricht,Excelsior,1-0,/match/mvv/excelsior/2021,2021,25,eerste_divisie,20,26,0,1,0,18,20,5,5,14,25,52,DLWLWDLLLDLLDLLLWWLLDLWL,3,2,6,17,29,11,30,9,3,12,45,43,WLWLLLDWWDWLWLLLLLLWWDWL,5,2,5,22,18,LWLLLDLWLDW,WWLDWDLLLLWW
NEC Nijmegen,De Graafschap,1-2,/match/nec/graafschap/2021,2021,25,eerste_divisie,20,26,2,1,2,6,41,12,5,6,40,27,LWWLLWDWWWDWDWDWLLWDWWL,6,3,2,20,10,2,53,17,2,5,51,33,WDWLWWWWWWLWLLWDWLWWWWWW,8,1,3,26,19,WLWWDDWLWDW,DLWWWWLWLWWW
Jong AZ,Go Ahead Eagles,0-3,/match/az-alkmaar-sub23/go-ahead-eagles/2021,2021,25,eerste_divisie,20,26,2,0,3,16,22,6,4,14,35,65,LWLWLDLLLDLLLWLLDLWLDWLW,3,3,6,24,33,5,44,13,5,6,33,18,DDWLDLWWLDWWLLWDWWWWWLWW,8,2,2,19,8,LWDLDLLDLLWW,DWDWLWLWWWWW
Jong Utrecht,Cambuur,1-3,/match/jong-utrecht/sc-cambuur-leeuwarden/2021,2021,25,eerste_divisie,20,26,2,1,3,15,25,8,1,14,34,44,LLWLLWLLLWWDWLLWLWWLLLL,4,0,7,15,19,1,57,18,3,3,69,20,WWLDWWWWWWLWWWWWWWLDWWDW,8,3,0,30,8,LLLLLWWLWWL,WDWWWWWWWDD
FC Volendam,Jong Ajax,3-2,/match/fc-volendam/jong-ajax/2021,2021,25,eerste_divisie,20,26,0,3,2,8,37,10,7,6,48,30,DLLWDDWWWWWDDDWWLLWDLWL,4,3,5,25,16,12,30,8,6,10,39,44,LLLWWLWWWLWDDLDDLLDWLWDL,5,2,4,21,19,LLDWWWDDWLLL,LWLWWDLDLWW
Go Ahead Eagles,Jong PSV,1-0,/match/go-ahead-eagles/jong-psv/2021,2021,26,eerste_divisie,20,26,0,1,0,5,47,14,5,6,36,18,DDWLDLWWLDWWLLWDWWWWWLWWW,5,3,4,14,10,16,24,6,6,13,37,53,LWWLLWDLLLWDDLDLLLWDLLLDW,4,1,7,21,31,DLLWDWLDWWLW,WWLLLWDLLWLL
MVV Maastricht,SC Telstar,2-0,/match/mvv/stormvogels-telstar/2021,2021,26,eerste_divisie,20,26,0,2,0,17,23,6,5,14,26,52,DLWLWDLLLDLLDLLLWWLLDLWLW,4,2,6,18,29,9,34,9,7,9,43,36,DWLWWLDDWDLLWWLLWWLWDDLLD,5,3,4,16,16,LWLLLDLWLDWW,WWLDDLWWLWDL
Den Bosch,Jong Utrecht,3-0,/match/fc-den-bosch/jong-utrecht/2021,2021,26,eerste_divisie,20,26,0,3,0,20,13,2,7,15,26,56,LWLWLDLLLDLLDLDLDLLLDDLL,2,5,5,16,18,15,25,8,1,15,35,47,LLWLLWLLLWWDWLLWLWWLLLLL,4,1,7,19,25,WWDLLLDDDLDL,WLWLWDLLWLLL
Roda JC,NEC Nijmegen,1-3,/match/roda-jc/nec/2021,2021,26,eerste_divisie,20,26,2,1,3,7,41,11,8,6,47,33,WWLWDDLDLDLWDWDDLWDLWWWWW,6,4,2,24,13,6,41,12,5,7,41,29,LWWLLWDWWWDWDWDWLLWDWWLL,6,2,4,20,17,WWDDDWWDLLWW,LWLDWWWDWLWL
De Graafschap,Jong AZ,1-1,/match/graafschap/az-alkmaar-sub23/2021,2021,26,eerste_divisie,20,26,1,1,1,2,56,18,2,5,53,34,WDWLWWWWWWLWLLWDWLWWWWWWW,9,1,2,25,14,18,22,6,4,15,35,68,LWLWLDLLLDLLLWLLDLWLDWLWL,3,1,8,11,32,WWWWWLLDWWWW,LWLLLLLWLWDL
FC Eindhoven,FC Volendam,1-1,/match/fc-eindhoven/fc-volendam/2021,2021,26,eerste_divisie,20,26,1,1,1,14,28,7,7,11,36,44,WLDWDLDLWLWWLWDWDLDLLLLLD,4,3,5,25,22,8,40,11,7,6,51,32,DLLWDDWWWWWDDDWWLLWDLWLW,6,4,1,23,14,LDDDWWLWWLLL,DWDWWDWLWDW
Dordrecht,Helmond Sport,2-1,/match/fc-dordrecht/helmond-sport/2021,2021,26,eerste_divisie,20,26,0,2,1,19,15,4,3,17,22,63,DLLLWLLDLLLLLWWLLLLDLLWL,2,3,7,13,24,12,30,7,9,9,35,39,WLDLLLWLLDDWLWLDDWDWDDWDL,2,7,3,16,19,DLWDLLWLLDLL,WDLWLDLDDDDD
Almere City,Cambuur,0-2,/match/almere-city/sc-cambuur-leeuwarden/2021,2021,26,eerste_divisie,20,26,2,0,2,3,53,16,5,3,55,32,DWWWWDWDWWWLWDWWWWDWWLLW,9,2,0,22,2,1,60,19,3,3,72,21,WWLDWWWWWWLWWWWWWWLDWWDWW,9,3,0,33,9,DWWWWWWWWDW,WDWWWWWWWDDW
