Home_Team,Away_Team,Result,Link,Season,Round,League,Number_Teams,Total_Rounds,Label,Goals_For_Home,Goals_For_Away,Position_Home,Total_Wins_Home,Total_Draw_Home,Total_Lose_Home,Total_Goals_For_Home_Team,Total_Goals_Against_Home_Team,Total_Streak_Home,Wins_When_Home,Draw_When_Home,Lose_When_Home,Goals_For_When_Home,Goals_Against_When_Home,Position_Away,Total_Wins_Away,Total_Draw_Away,Total_Lose_Away,Total_Goals_For_Away_Team,Total_Goals_Against_Away_Team,Total_Streak_Away,Wins_When_Away,Draw_When_Away,Lose_When_Away,Goals_For_When_Away,Goals_Against_When_Away,Streak_When_Home,Streak_When_Away
Saarbrücken,Stuttgarter,1-0,/match/saarbrucken/stuttgarter-kickers/1990,1990,1,2_liga,20,38,0,1,0,0,0,0,0,0,0,,0,0,0,0,0,0,0,0,0,0,0,,0,0,0,0,0,,
SC Freiburg,Unterhaching,2-3,/match/sc-freiburg/unterhaching/1990,1990,1,2_liga,20,38,2,2,3,0,0,0,0,0,0,,0,0,0,0,0,0,0,0,0,0,0,,0,0,0,0,0,,
VfL Osnabrück,Meppen,1-1,/match/vfl-osnabruck/meppen/1990,1990,1,2_liga,20,38,1,1,1,0,0,0,0,0,0,,0,0,0,0,0,0,0,0,0,0,0,,0,0,0,0,0,,
RW Essen,Schalke 04,0-0,/match/rot-weiss-essen/schalke-04/1990,1990,1,2_liga,20,38,1,0,0,0,0,0,0,0,0,,0,0,0,0,0,0,0,0,0,0,0,,0,0,0,0,0,,
Alemannia Aachen,MSV Duisburg,1-2,/match/alemannia-aachen/msv-duisburg/1990,1990,1,2_liga,20,38,2,1,2,0,0,0,0,0,0,,0,0,0,0,0,0,0,0,0,0,0,,0,0,0,0,0,,
Hessen Kassel,Blau-Weiß 1890 B.,1-1,/match/hessen-kassel/blau-weiss-1890-berlin/1990,1990,1,2_liga,20,38,1,1,1,0,0,0,0,0,0,,0,0,0,0,0,0,0,0,0,0,0,,0,0,0,0,0,,
Wattenscheid 09,Bayreuth SpVgg,4-1,/match/wattenscheid-09/bayreuth-spvgg/1990,1990,1,2_liga,20,38,0,4,1,0,0,0,0,0,0,,0,0,0,0,0,0,0,0,0,0,0,,0,0,0,0,0,,
Fortuna Köln,Darmstadt 98,2-1,/match/fortuna-koln/darmstadt-98/1990,1990,1,2_liga,20,38,0,2,1,0,0,0,0,0,0,,0,0,0,0,0,0,0,0,0,0,0,,0,0,0,0,0,,
Hertha BSC,Preußen Münster,2-0,/match/hertha-bsc/preuben-munster/1990,1990,1,2_liga,20,38,0,2,0,0,0,0,0,0,0,,0,0,0,0,0,0,0,0,0,0,0,,0,0,0,0,0,,
Braunschweig,Hannover 96,1-0,/match/eintracht-brau-hellip/hannover-96/1990,1990,1,2_liga,20,38,0,1,0,0,0,0,0,0,0,,0,0,0,0,0,0,0,0,0,0,0,,0,0,0,0,0,,
Stuttgarter,Wattenscheid 09,2-3,/match/stuttgarter-kickers/wattenscheid-09/1990,1990,2,2_liga,20,38,2,2,3,17,0,0,1,0,1,W,0,0,0,0,0,1,1,0,0,4,1,W,0,0,0,0,0,,
Preußen Münster,Hessen Kassel,1-1,/match/preuben-munster/hessen-kassel/1990,1990,2,2_liga,20,38,1,1,1,16,0,0,1,0,2,W,0,0,0,0,0,8,0,1,0,1,1,D,0,0,0,0,0,,
Darmstadt 98,Hertha BSC,0-0,/match/darmstadt-98/hertha-bsc/1990,1990,2,2_liga,20,38,1,0,0,14,0,0,1,1,2,W,0,0,0,0,0,3,1,0,0,2,0,W,0,0,0,0,0,,
Bayreuth SpVgg,Fortuna Köln,2-2,/match/bayreuth-spvgg/fortuna-koln/1990,1990,2,2_liga,20,38,1,2,2,18,0,0,1,1,4,W,0,0,0,0,0,2,1,0,0,2,1,W,0,0,0,0,0,,
MSV Duisburg,Saarbrücken,1-1,/match/msv-duisburg/saarbrucken/1990,1990,2,2_liga,20,38,1,1,1,10,1,0,0,2,1,L,0,0,0,0,0,5,1,0,0,1,0,W,0,0,0,0,0,,
Hannover 96,Alemannia Aachen,2-0,/match/hannover-96/alemannia-aachen/1990,1990,2,2_liga,20,38,0,2,0,20,0,0,1,0,1,W,0,0,0,0,0,19,0,0,1,1,2,L,0,0,0,0,0,,
Schalke 04,Braunschweig,1-5,/match/schalke-04/eintracht-brau-hellip/1990,1990,2,2_liga,20,38,2,1,5,13,0,1,0,0,0,D,0,0,0,0,0,4,1,0,0,1,0,W,0,0,0,0,0,,
Blau-Weiß 1890 B.,SC Freiburg,3-1,/match/blau-weiss-1890-berlin/sc-freiburg/1990,1990,2,2_liga,20,38,0,3,1,12,0,1,0,1,1,D,0,0,0,0,0,15,0,0,1,2,3,L,0,0,0,0,0,,
Meppen,RW Essen,3-2,/match/meppen/rot-weiss-essen/1990,1990,2,2_liga,20,38,0,3,2,11,0,1,0,1,1,D,0,0,0,0,0,7,0,1,0,0,0,D,0,0,0,0,0,,
Unterhaching,VfL Osnabrück,2-2,/match/unterhaching/vfl-osnabruck/1990,1990,2,2_liga,20,38,1,2,2,6,1,0,0,3,2,L,0,0,0,0,0,9,0,1,0,1,1,D,0,0,0,0,0,,
Saarbrücken,Hannover 96,2-0,/match/saarbrucken/hannover-96/1990,1990,3,2_liga,20,38,0,2,0,6,1,1,0,2,1,WD,1,0,0,1,0,10,1,0,1,2,1,WW,0,0,1,0,1,W,W
Preußen Münster,Darmstadt 98,1-0,/match/preuben-munster/darmstadt-98/1990,1990,3,2_liga,20,38,0,1,0,15,0,1,1,1,3,WD,0,1,0,1,1,14,0,1,1,1,2,WD,0,0,1,1,2,D,W
Hessen Kassel,SC Freiburg,2-5,/match/hessen-kassel/sc-freiburg/1990,1990,3,2_liga,20,38,2,2,5,11,0,2,0,2,2,DD,0,1,0,1,1,18,0,0,2,3,6,LW,0,0,1,1,3,D,W
Braunschweig,Meppen,3-0,/match/eintracht-brau-hellip/meppen/1990,1990,3,2_liga,20,38,0,3,0,2,2,0,0,6,1,WL,1,0,0,1,0,5,1,1,0,4,3,DW,0,1,0,1,1,W,D
Alemannia Aachen,Schalke 04,0-4,/match/alemannia-aachen/schalke-04/1990,1990,3,2_liga,20,38,2,0,4,20,0,0,2,1,4,LW,0,0,1,1,2,17,0,1,1,1,5,DL,0,1,0,0,0,L,D
Fortuna Köln,Stuttgarter,0-1,/match/fortuna-koln/stuttgarter-kickers/1990,1990,3,2_liga,20,38,2,0,1,3,1,1,0,4,3,WD,1,0,0,2,1,19,0,0,2,2,4,WL,0,0,1,0,1,W,W
Hertha BSC,Bayreuth SpVgg,1-0,/match/hertha-bsc/bayreuth-spvgg/1990,1990,3,2_liga,20,38,0,1,0,7,1,1,0,2,0,WD,1,0,0,2,0,16,0,1,1,3,6,WD,0,0,1,1,4,W,W
RW Essen,Unterhaching,1-1,/match/rot-weiss-essen/unterhaching/1990,1990,3,2_liga,20,38,1,1,1,13,0,1,1,2,3,DW,0,1,0,0,0,8,1,1,0,5,4,LD,1,0,0,3,2,D,L
VfL Osnabrück,Blau-Weiß 1890 B.,2-5,/match/vfl-osnabruck/blau-weiss-1890-berlin/1990,1990,3,2_liga,20,38,2,2,5,12,0,2,0,3,3,DD,0,1,0,1,1,4,1,1,0,4,2,DW,0,1,0,1,1,D,D
Wattenscheid 09,MSV Duisburg,2-0,/match/wattenscheid-09/msv-duisburg/1990,1990,3,2_liga,20,38,0,2,0,1,2,0,0,7,3,WL,1,0,0,4,1,9,1,1,0,3,2,LD,1,0,0,2,1,W,L
Hannover 96,Wattenscheid 09,0-3,/match/hannover-96/wattenscheid-09/1990,1990,4,2_liga,20,38,2,0,3,11,1,0,2,2,3,WWW,1,0,0,2,0,1,3,0,0,9,3,WLW,1,0,0,3,2,W,L
Meppen,Alemannia Aachen,1-1,/match/meppen/alemannia-aachen/1990,1990,4,2_liga,20,38,1,1,1,8,1,1,1,4,6,DWW,1,0,0,3,2,20,0,0,3,1,8,LWL,0,0,1,0,2,W,W
SC Freiburg,VfL Osnabrück,3-1,/match/sc-freiburg/vfl-osnabruck/1990,1990,4,2_liga,20,38,0,3,1,18,1,0,2,8,8,LWL,0,0,1,2,3,15,0,2,1,5,8,DDL,0,1,0,2,2,L,D
Darmstadt 98,Hessen Kassel,0-1,/match/darmstadt-98/hessen-kassel/1990,1990,4,2_liga,20,38,2,0,1,16,0,1,2,1,3,WDW,0,1,0,0,0,14,0,2,1,4,7,DDL,0,1,0,1,1,D,D
Stuttgarter,Hertha BSC,4-2,/match/stuttgarter-kickers/hertha-bsc/1990,1990,4,2_liga,20,38,0,4,2,19,1,0,2,3,4,WLL,0,0,1,2,3,4,2,1,0,3,0,WDW,0,1,0,0,0,L,D
Schalke 04,Saarbrücken,1-2,/match/schalke-04/saarbrucken/1990,1990,4,2_liga,20,38,2,1,2,13,1,1,1,5,5,DLL,0,0,1,1,5,3,2,1,0,4,1,WDW,0,1,0,1,1,L,D
Unterhaching,Braunschweig,1-1,/match/unterhaching/eintracht-brau-hellip/1990,1990,4,2_liga,20,38,1,1,1,9,1,2,0,6,5,LDD,0,1,0,2,2,2,3,0,0,9,1,WLW,1,0,0,5,1,D,L
MSV Duisburg,Fortuna Köln,0-2,/match/msv-duisburg/fortuna-koln/1990,1990,4,2_liga,20,38,2,0,2,10,1,1,1,3,4,LDW,0,1,0,1,1,7,1,1,1,4,4,WDL,0,1,0,2,2,D,D
Blau-Weiß 1890 B.,RW Essen,2-0,/match/blau-weiss-1890-berlin/rot-weiss-essen/1990,1990,4,2_liga,20,38,0,2,0,5,2,1,0,9,4,DWL,1,0,0,3,1,12,0,2,1,3,4,DWD,0,0,1,2,3,W,W
Bayreuth SpVgg,Preußen Münster,2-1,/match/bayreuth-spvgg/preuben-munster/1990,1990,4,2_liga,20,38,0,2,1,17,0,1,2,3,7,WDW,0,1,0,2,2,6,1,1,1,2,3,WDW,0,0,1,0,2,D,W
Wattenscheid 09,Schalke 04,3-1,/match/wattenscheid-09/schalke-04/1990,1990,5,2_liga,20,38,0,3,1,1,4,0,0,12,3,WLWL,2,0,0,6,1,18,1,1,2,6,7,DLLL,1,1,0,4,0,WW,DL
RW Essen,SC Freiburg,0-1,/match/rot-weiss-essen/sc-freiburg/1990,1990,5,2_liga,20,38,2,0,1,15,0,2,2,3,6,DWDW,0,2,0,1,1,11,2,0,2,11,9,LWLW,1,0,1,6,5,DD,WL
Hessen Kassel,VfL Osnabrück,1-5,/match/hessen-kassel/vfl-osnabruck/1990,1990,5,2_liga,20,38,2,1,5,13,1,2,1,5,7,DDLL,0,1,1,3,6,17,0,2,2,6,11,DDLW,0,1,1,3,5,DL,DW
Preußen Münster,Stuttgarter,1-1,/match/preuben-munster/stuttgarter-kickers/1990,1990,5,2_liga,20,38,1,1,1,9,1,1,2,3,5,WDWW,1,1,0,2,1,10,2,0,2,7,6,WLLW,1,0,1,1,1,DW,WL
Darmstadt 98,Bayreuth SpVgg,3-1,/match/darmstadt-98/bayreuth-spvgg/1990,1990,5,2_liga,20,38,0,3,1,19,0,1,3,1,4,WDWL,0,1,1,0,1,12,1,1,2,5,8,WDWW,0,0,2,1,5,DL,WW
Hertha BSC,MSV Duisburg,2-1,/match/hertha-bsc/msv-duisburg/1990,1990,5,2_liga,20,38,0,2,1,5,2,1,1,5,4,WDWW,2,0,0,3,0,16,1,1,2,3,6,LDWL,1,0,1,2,3,WW,LW
Saarbrücken,Meppen,4-0,/match/saarbrucken/meppen/1990,1990,5,2_liga,20,38,0,4,0,2,3,1,0,6,2,WDWL,2,0,0,3,0,7,1,2,1,5,7,DWWD,0,1,1,1,4,WW,DW
Alemannia Aachen,Unterhaching,2-0,/match/alemannia-aachen/unterhaching/1990,1990,5,2_liga,20,38,0,2,0,20,0,1,3,2,9,LWLD,0,0,2,1,6,8,1,3,0,7,6,LDDD,1,1,0,4,3,LL,LD
Fortuna Köln,Hannover 96,2-1,/match/fortuna-koln/hannover-96/1990,1990,5,2_liga,20,38,0,2,1,6,2,1,1,6,4,WDLL,1,0,1,2,2,14,1,0,3,2,6,WWWL,0,0,2,0,3,WL,WW
Braunschweig,Blau-Weiß 1890 B.,2-0,/match/eintracht-brau-hellip/blau-weiss-1890-berlin/1990,1990,5,2_liga,20,38,0,2,0,4,3,1,0,10,2,WLWD,2,0,0,4,0,3,3,1,0,11,4,DWLW,1,1,0,6,3,WW,DL
Stuttgarter,Darmstadt 98,2-1,/match/stuttgarter-kickers/darmstadt-98/1990,1990,6,2_liga,20,38,0,2,1,10,2,1,2,8,7,WLLWD,1,0,1,6,5,13,1,1,3,4,5,WDWLW,0,0,2,1,3,LW,WW
Bayreuth SpVgg,Hessen Kassel,5-1,/match/bayreuth-spvgg/hessen-kassel/1990,1990,6,2_liga,20,38,0,5,1,12,1,1,3,6,11,WDWWW,1,1,0,4,3,14,1,2,2,6,12,DDLLL,1,1,0,2,1,DW,DL
Meppen,Wattenscheid 09,1-1,/match/meppen/wattenscheid-09/1990,1990,6,2_liga,20,38,1,1,1,11,1,2,2,5,11,DWWDW,1,1,0,4,3,1,5,0,0,15,4,WLWLW,2,0,0,6,2,WD,LL
VfL Osnabrück,RW Essen,1-1,/match/vfl-osnabruck/rot-weiss-essen/1990,1990,6,2_liga,20,38,1,1,1,15,1,2,2,11,12,DDLWL,0,1,1,3,6,18,0,2,3,3,7,DWDWL,0,0,2,2,5,DL,WW
Hannover 96,Hertha BSC,0-2,/match/hannover-96/hertha-bsc/1990,1990,6,2_liga,20,38,2,0,2,17,1,0,4,3,8,WWWLW,1,0,1,2,3,4,3,1,1,7,5,WDWWW,0,1,1,2,4,WL,DW
Schalke 04,Fortuna Köln,3-0,/match/schalke-04/fortuna-koln/1990,1990,6,2_liga,20,38,0,3,0,20,1,1,3,7,10,DLLLW,0,0,2,2,7,6,3,1,1,8,5,WDLLW,1,1,0,4,2,LL,DL
Unterhaching,Saarbrücken,1-1,/match/unterhaching/saarbrucken/1990,1990,6,2_liga,20,38,1,1,1,9,1,3,1,7,8,LDDDW,0,2,0,3,3,3,4,1,0,10,2,WDWLW,1,1,0,3,2,DD,DL
Blau-Weiß 1890 B.,Alemannia Aachen,1-0,/match/blau-weiss-1890-berlin/alemannia-aachen/1990,1990,6,2_liga,20,38,0,1,0,5,3,1,1,11,6,DWLWW,2,0,0,5,1,16,1,1,3,4,9,LWLDW,0,1,1,1,3,WW,WD
SC Freiburg,Braunschweig,1-0,/match/sc-freiburg/eintracht-brau-hellip/1990,1990,6,2_liga,20,38,0,1,0,8,3,0,2,12,9,LWLWL,1,0,1,5,4,2,4,1,0,12,2,WLWDW,1,1,0,6,2,LW,LD
MSV Duisburg,Preußen Münster,3-3,/match/msv-duisburg/preuben-munster/1990,1990,6,2_liga,20,38,1,3,3,19,1,1,3,4,8,LDWLW,0,1,1,1,3,7,1,2,2,4,6,WDWWD,0,0,2,1,4,DL,WW
Braunschweig,VfL Osnabrück,3-1,/match/eintracht-brau-hellip/vfl-osnabruck/1990,1990,7,2_liga,20,38,0,3,1,5,4,1,1,12,3,WLWDWW,3,0,0,6,0,13,1,3,2,12,13,DDLWLD,1,1,1,8,6,WWW,DWL
Hessen Kassel,RW Essen,0-1,/match/hessen-kassel/rot-weiss-essen/1990,1990,7,2_liga,20,38,2,0,1,17,1,2,3,7,17,DDLLLW,0,1,2,4,11,19,0,3,3,4,8,DWDWLD,0,1,2,3,6,DLL,WWD
Preußen Münster,Hannover 96,0-1,/match/preuben-munster/hannover-96/1990,1990,7,2_liga,20,38,2,0,1,12,1,3,2,7,9,WDWWDD,1,2,0,3,2,20,1,0,5,3,10,WWWLWL,0,0,3,1,5,DWD,WWW
Darmstadt 98,MSV Duisburg,3-1,/match/darmstadt-98/msv-duisburg/1990,1990,7,2_liga,20,38,0,3,1,15,1,1,4,5,7,WDWLWW,1,1,1,3,2,16,1,2,3,7,11,LDWLWD,1,0,2,3,5,DLW,LWW
Bayreuth SpVgg,Stuttgarter,1-2,/match/bayreuth-spvgg/stuttgarter-kickers/1990,1990,7,2_liga,20,38,2,1,2,9,2,1,3,11,12,WDWWWW,2,1,0,9,4,7,3,1,2,10,8,WLLWDW,1,1,1,2,2,DWW,WLD
Alemannia Aachen,SC Freiburg,0-1,/match/alemannia-aachen/sc-freiburg/1990,1990,7,2_liga,20,38,2,0,1,18,1,1,4,4,10,LWLDWW,1,0,2,3,6,6,4,0,2,13,9,LWLWLW,2,0,1,7,5,LLW,WLL
Saarbrücken,Blau-Weiß 1890 B.,1-1,/match/saarbrucken/blau-weiss-1890-berlin/1990,1990,7,2_liga,20,38,1,1,1,2,4,2,0,11,3,WDWLWD,3,0,0,7,0,4,4,1,1,12,6,DWLWWW,1,1,1,6,5,WWW,DLW
Wattenscheid 09,Unterhaching,1-0,/match/wattenscheid-09/unterhaching/1990,1990,7,2_liga,20,38,0,1,0,1,5,1,0,16,5,WLWLWD,3,0,0,9,2,11,1,4,1,8,9,LDDDWD,1,1,1,4,5,WWW,LDW
Hertha BSC,Schalke 04,2-2,/match/hertha-bsc/schalke-04/1990,1990,7,2_liga,20,38,1,2,2,3,4,1,1,9,5,WDWWWL,3,0,0,5,1,14,2,1,3,10,10,DLLLWW,1,1,1,5,3,WWW,DLW
Fortuna Köln,Meppen,3-0,/match/fortuna-koln/meppen/1990,1990,7,2_liga,20,38,0,3,0,8,3,1,2,8,8,WDLLWW,2,0,1,4,3,10,1,3,2,6,12,DWWDWD,0,1,2,1,8,WLW,DWW
Stuttgarter,Hessen Kassel,2-0,/match/stuttgarter-kickers/hessen-kassel/1990,1990,8,2_liga,20,38,0,2,0,8,4,1,2,12,9,WLLWDWL,2,0,1,8,6,19,1,2,4,7,18,DDLLLWL,1,1,1,3,6,LWW,DLW
MSV Duisburg,Bayreuth SpVgg,3-1,/match/msv-duisburg/bayreuth-spvgg/1990,1990,8,2_liga,20,38,0,3,1,17,1,2,4,8,14,LDWLWDW,0,2,1,4,6,9,2,1,4,12,14,WDWWWWL,0,0,3,2,8,DLD,WWW
Meppen,Hertha BSC,0-0,/match/meppen/hertha-bsc/1990,1990,8,2_liga,20,38,1,0,0,13,1,3,3,6,15,DWWDWDW,1,2,0,5,4,4,4,2,1,11,7,WDWWWLD,1,1,1,4,4,WDD,DWL
SC Freiburg,Saarbrücken,1-4,/match/sc-freiburg/saarbrucken/1990,1990,8,2_liga,20,38,2,1,4,7,5,0,2,14,9,LWLWLWL,2,0,1,6,4,3,4,3,0,12,4,WDWLWDD,1,2,0,4,3,LWW,DLD
VfL Osnabrück,Alemannia Aachen,3-1,/match/vfl-osnabruck/alemannia-aachen/1990,1990,8,2_liga,20,38,0,3,1,15,1,3,3,13,16,DDLWLDW,0,2,1,4,7,20,1,1,5,4,11,LWLDWWL,0,1,2,1,4,DLD,WDW
Blau-Weiß 1890 B.,Wattenscheid 09,1-1,/match/blau-weiss-1890-berlin/wattenscheid-09/1990,1990,8,2_liga,20,38,1,1,1,5,4,2,1,13,7,DWLWWWD,3,0,0,6,1,1,6,1,0,17,5,WLWLWDW,2,1,0,7,3,WWW,LLD
Hannover 96,Darmstadt 98,1-1,/match/hannover-96/darmstadt-98/1990,1990,8,2_liga,20,38,1,1,1,18,2,0,5,4,10,WWWLWLL,1,0,2,2,5,10,2,1,4,8,8,WDWLWWW,0,0,3,2,5,WLL,WWW
Schalke 04,Preußen Münster,0-1,/match/schalke-04/preuben-munster/1990,1990,8,2_liga,20,38,2,0,1,14,2,2,3,12,12,DLLLWWD,1,0,2,5,7,11,1,3,3,7,10,WDWWDDL,0,1,2,4,7,LLW,WWD
Unterhaching,Fortuna Köln,1-2,/match/unterhaching/fortuna-koln/1990,1990,8,2_liga,20,38,2,1,2,12,1,4,2,8,10,LDDDWDW,0,3,0,4,4,6,4,1,2,11,8,WDLLWWW,1,1,1,4,5,DDD,DLW
RW Essen,Braunschweig,1-0,/match/rot-weiss-essen/eintracht-brau-hellip/1990,1990,8,2_liga,20,38,0,1,0,16,1,3,3,5,8,DWDWLDL,0,2,1,1,2,2,5,1,1,15,4,WLWDWWW,1,1,1,6,3,DDL,LDW
Wattenscheid 09,SC Freiburg,4-4,/match/wattenscheid-09/sc-freiburg/1990,1990,9,2_liga,20,38,1,4,4,1,6,2,0,18,6,WLWLWDWD,4,0,0,10,2,8,5,0,3,15,13,LWLWLWLL,3,0,1,8,5,WWWW,WLLL
Preußen Münster,Meppen,2-1,/match/preuben-munster/meppen/1990,1990,9,2_liga,20,38,0,2,1,12,2,3,3,8,10,WDWWDDLL,1,2,1,3,3,9,1,4,3,6,15,DWWDWDWD,0,1,3,1,11,DWDL,DWWW
Darmstadt 98,Schalke 04,3-2,/match/darmstadt-98/schalke-04/1990,1990,9,2_liga,20,38,0,3,2,13,2,2,4,9,9,WDWLWWWD,2,1,1,6,3,17,2,2,4,12,13,DLLLWWDL,1,2,1,7,5,DLWW,DLWD
Bayreuth SpVgg,Hannover 96,1-1,/match/bayreuth-spvgg/hannover-96/1990,1990,9,2_liga,20,38,1,1,1,14,2,1,5,13,17,WDWWWWLW,2,1,1,10,6,18,2,1,5,5,11,WWWLWLLD,1,0,3,2,5,DWWL,WWWL
Alemannia Aachen,RW Essen,0-1,/match/alemannia-aachen/rot-weiss-essen/1990,1990,9,2_liga,20,38,2,0,1,20,1,1,6,5,14,LWLDWWLW,1,0,3,3,7,10,2,3,3,6,8,DWDWLDLW,1,1,2,4,6,LLWL,WWDL
Hessen Kassel,Braunschweig,2-1,/match/hessen-kassel/eintracht-brau-hellip/1990,1990,9,2_liga,20,38,0,2,1,19,1,2,5,7,20,DDLLLWLW,0,1,3,4,12,3,5,1,2,15,5,WLWDWWWW,1,1,2,6,4,DLLL,LDWW
Fortuna Köln,Blau-Weiß 1890 B.,1-1,/match/fortuna-koln/blau-weiss-1890-berlin/1990,1990,9,2_liga,20,38,1,1,1,6,5,1,2,13,9,WDLLWWWL,3,0,1,7,3,5,4,3,1,14,8,DWLWWWDD,1,2,1,7,6,WLWW,DLWD
Hertha BSC,Unterhaching,1-1,/match/hertha-bsc/unterhaching/1990,1990,9,2_liga,20,38,1,1,1,4,4,3,1,11,7,WDWWWLDD,3,1,0,7,3,16,1,4,3,9,12,LDDDWDWL,1,1,2,4,6,WWWD,LDWW
Saarbrücken,VfL Osnabrück,7-1,/match/saarbrucken/vfl-osnabruck/1990,1990,9,2_liga,20,38,0,7,1,2,5,3,0,16,5,WDWLWDDL,3,1,0,8,1,11,2,3,3,16,17,DDLWLDWW,1,1,2,9,9,WWWD,DWLW
Stuttgarter,MSV Duisburg,4-1,/match/stuttgarter-kickers/msv-duisburg/1990,1990,9,2_liga,20,38,0,4,1,7,5,1,2,14,9,WLLWDWLW,3,0,1,10,6,15,2,2,4,11,15,LDWLWDWW,1,0,3,4,8,LWWW,LWWW
RW Essen,Saarbrücken,1-2,/match/rot-weiss-essen/saarbrucken/1990,1990,10,2_liga,20,38,2,1,2,11,3,3,3,7,8,DWDWLDLWL,1,2,1,2,2,2,6,3,0,23,6,WDWLWDDLW,2,2,0,8,4,DDLW,DLDL
Meppen,Darmstadt 98,3-0,/match/meppen/darmstadt-98/1990,1990,10,2_liga,20,38,0,3,0,14,1,4,4,7,17,DWWDWDWDW,1,3,0,5,4,8,3,2,4,12,11,WDWLWWWDW,0,1,3,3,6,WDDD,WWWD
SC Freiburg,Fortuna Köln,4-1,/match/sc-freiburg/fortuna-koln/1990,1990,10,2_liga,20,38,0,4,1,9,5,1,3,19,17,LWLWLWLLD,2,0,2,7,8,7,5,2,2,14,10,WDLLWWWLD,2,1,1,6,6,LWWL,DLWL
VfL Osnabrück,Wattenscheid 09,0-3,/match/vfl-osnabruck/wattenscheid-09/1990,1990,10,2_liga,20,38,2,0,3,13,2,3,4,17,24,DDLWLDWWW,1,2,1,7,8,1,6,3,0,22,10,WLWLWDWDD,2,2,0,8,4,DLDW,LLDD
Braunschweig,Alemannia Aachen,4-3,/match/eintracht-brau-hellip/alemannia-aachen/1990,1990,10,2_liga,20,38,0,4,3,5,5,1,3,16,7,WLWDWWWWW,4,0,0,9,1,20,1,1,7,5,15,LWLDWWLWL,0,1,3,2,7,WWWW,WDWW
MSV Duisburg,Hessen Kassel,3-1,/match/msv-duisburg/hessen-kassel/1990,1990,10,2_liga,20,38,0,3,1,15,2,2,5,12,19,LDWLWDWWW,1,2,1,7,7,18,2,2,5,9,21,DDLLLWLWW,1,1,2,3,8,DLDW,DLWW
Hannover 96,Stuttgarter,5-1,/match/hannover-96/stuttgarter-kickers/1990,1990,10,2_liga,20,38,0,5,1,17,2,2,5,6,12,WWWLWLLDD,1,1,2,3,6,3,6,1,2,18,10,WLLWDWLWW,2,1,1,4,3,WLLD,WLDL
Unterhaching,Preußen Münster,3-0,/match/unterhaching/preuben-munster/1990,1990,10,2_liga,20,38,0,3,0,16,1,5,3,10,13,LDDDWDWLD,0,3,1,5,6,10,3,3,3,10,11,WDWWDDLLW,1,1,2,5,7,DDDL,WWDL
Schalke 04,Bayreuth SpVgg,2-1,/match/schalke-04/bayreuth-spvgg/1990,1990,10,2_liga,20,38,0,2,1,19,2,2,5,14,16,DLLLWWDLW,1,0,3,5,8,12,2,2,5,14,18,WDWWWWLWD,0,0,4,3,11,LLWL,WWWW
Blau-Weiß 1890 B.,Hertha BSC,2-3,/match/blau-weiss-1890-berlin/hertha-bsc/1990,1990,10,2_liga,20,38,2,2,3,6,4,4,1,15,9,DWLWWWDDD,3,1,0,7,2,4,4,4,1,12,8,WDWWWLDDD,1,2,1,4,4,WWWD,DWLD
Hessen Kassel,Alemannia Aachen,1-5,/match/hessen-kassel/alemannia-aachen/1990,1990,11,2_liga,20,38,2,1,5,19,2,2,6,10,24,DDLLLWLWWW,1,1,3,6,13,20,1,1,8,8,19,LWLDWWLWLW,0,1,4,5,11,DLLLW,WDWWW
Stuttgarter,Schalke 04,2-4,/match/stuttgarter-kickers/schalke-04/1990,1990,11,2_liga,20,38,2,2,4,5,6,1,3,19,15,WLLWDWLWWW,4,0,1,14,7,17,3,2,5,16,17,DLLLWWDLWW,1,2,2,9,8,LWWWW,DLWDW
Preußen Münster,Blau-Weiß 1890 B.,2-0,/match/preuben-munster/blau-weiss-1890-berlin/1990,1990,11,2_liga,20,38,0,2,0,10,3,3,4,10,14,WDWWDDLLWW,2,2,1,5,4,6,4,4,2,17,12,DWLWWWDDDL,1,3,1,8,7,DWDLW,DLWDD
Saarbrücken,Braunschweig,0-1,/match/saarbrucken/eintracht-brau-hellip/1990,1990,11,2_liga,20,38,2,0,1,2,7,3,0,25,7,WDWLWDDLWL,4,1,0,15,2,3,6,1,3,20,10,WLWDWWWWWW,1,1,3,7,6,WWWDW,LDWWW
Hertha BSC,SC Freiburg,1-0,/match/hertha-bsc/sc-freiburg/1990,1990,11,2_liga,20,38,0,1,0,4,5,4,1,15,10,WDWWWLDDDL,3,2,0,8,4,8,6,1,3,23,18,LWLWLWLLDW,3,1,1,12,9,WWWDD,WLLLD
Bayreuth SpVgg,Meppen,1-1,/match/bayreuth-spvgg/meppen/1990,1990,11,2_liga,20,38,1,1,1,16,2,2,6,15,20,WDWWWWLWDW,2,2,1,11,7,11,2,4,4,10,17,DWWDWDWDWW,0,1,4,2,13,DWWLD,DWWWW
Wattenscheid 09,RW Essen,1-0,/match/wattenscheid-09/rot-weiss-essen/1990,1990,11,2_liga,20,38,0,1,0,1,7,3,0,25,10,WLWLWDWDDL,4,1,0,14,6,15,3,3,4,8,10,DWDWLDLWLL,2,1,2,5,6,WWWWD,WWDLL
Fortuna Köln,VfL Osnabrück,0-2,/match/fortuna-koln/vfl-osnabruck/1990,1990,11,2_liga,20,38,2,0,2,7,5,2,3,15,14,WDLLWWWLDW,3,1,1,8,4,18,2,3,5,17,27,DDLWLDWWWL,1,1,3,10,16,WLWWD,DWLWW
Darmstadt 98,Unterhaching,1-1,/match/darmstadt-98/unterhaching/1990,1990,11,2_liga,20,38,1,1,1,9,3,2,5,12,14,WDWLWWWDWW,3,1,1,9,5,13,2,5,3,13,13,LDDDWDWLDW,1,2,2,5,7,DLWWW,LDWWD
MSV Duisburg,Hannover 96,2-1,/match/msv-duisburg/hannover-96/1990,1990,11,2_liga,20,38,0,2,1,12,3,2,5,15,20,LDWLWDWWWW,2,2,1,10,8,14,3,2,5,11,13,WWWLWLLDDW,1,1,3,3,6,DLDWW,WWWLD
Hannover 96,Hessen Kassel,4-0,/match/hannover-96/hessen-kassel/1990,1990,12,2_liga,20,38,0,4,0,16,3,2,6,12,15,WWWLWLLDDWW,2,1,2,8,7,19,2,2,7,11,29,DDLLLWLWWWL,1,1,3,4,11,WLLDW,DLWWW
SC Freiburg,Preußen Münster,0-2,/match/sc-freiburg/preuben-munster/1990,1990,12,2_liga,20,38,2,0,2,8,6,1,4,23,19,LWLWLWLLDWW,3,0,2,11,9,9,4,3,4,12,14,WDWWDDLLWWW,1,1,3,5,10,LWWLW,WWDLW
VfL Osnabrück,Hertha BSC,3-0,/match/vfl-osnabruck/hertha-bsc/1990,1990,12,2_liga,20,38,0,3,0,18,3,3,5,19,27,DDLWLDWWWLL,1,2,2,7,11,2,6,4,1,16,10,WDWWWLDDDLW,2,2,1,7,6,DLDWL,DWLDL
RW Essen,Fortuna Köln,3-3,/match/rot-weiss-essen/fortuna-koln/1990,1990,12,2_liga,20,38,1,3,3,17,3,3,5,8,11,DWDWLDLWLLW,1,2,2,3,4,7,5,2,4,15,16,WDLLWWWLDWL,2,1,2,7,10,DDLWL,DLWLW
Alemannia Aachen,Saarbrücken,2-1,/match/alemannia-aachen/saarbrucken/1990,1990,12,2_liga,20,38,0,2,1,20,2,1,8,13,20,LWLDWWLWLWL,1,0,4,3,8,3,7,3,1,25,8,WDWLWDDLWLL,3,2,0,10,5,LLWLL,DLDLL
Meppen,Stuttgarter,0-1,/match/meppen/stuttgarter-kickers/1990,1990,12,2_liga,20,38,2,0,1,12,2,5,4,11,18,DWWDWDWDWWD,2,3,0,8,4,5,6,1,4,21,19,WLLWDWLWWWL,2,1,2,5,8,WDDDW,WLDLW
Schalke 04,MSV Duisburg,1-1,/match/schalke-04/msv-duisburg/1990,1990,12,2_liga,20,38,1,1,1,15,4,2,5,20,19,DLLLWWDLWWL,2,0,3,7,9,10,4,2,5,17,21,LDWLWDWWWWW,1,0,4,5,12,LLWLW,LWWWW
Unterhaching,Bayreuth SpVgg,0-0,/match/unterhaching/bayreuth-spvgg/1990,1990,12,2_liga,20,38,1,0,0,13,2,6,3,14,14,LDDDWDWLDWD,1,3,1,8,6,14,2,3,6,16,21,WDWWWWLWDWD,0,0,5,4,13,DDDLW,WWWWW
Blau-Weiß 1890 B.,Darmstadt 98,3-1,/match/blau-weiss-1890-berlin/darmstadt-98/1990,1990,12,2_liga,20,38,0,3,1,6,4,4,3,17,14,DWLWWWDDDLW,3,1,1,9,5,11,3,3,5,13,15,WDWLWWWDWWD,0,1,4,3,9,WWWDL,WWWDW
Braunschweig,Wattenscheid 09,1-0,/match/eintracht-brau-hellip/wattenscheid-09/1990,1990,12,2_liga,20,38,0,1,0,4,7,1,3,21,10,WLWDWWWWWWL,5,0,0,13,4,1,8,3,0,26,10,WLWLWDWDDLW,3,2,0,11,4,WWWWW,LLDDL
Stuttgarter,Unterhaching,2-0,/match/stuttgarter-kickers/unterhaching/1990,1990,13,2_liga,20,38,0,2,0,5,7,1,4,22,19,WLLWDWLWWWLL,4,0,2,16,11,14,2,7,3,14,14,LDDDWDWLDWDD,1,3,2,6,8,LWWWWL,LDWWDD
Preußen Münster,VfL Osnabrück,1-4,/match/preuben-munster/vfl-osnabruck/1990,1990,13,2_liga,20,38,2,1,4,7,5,3,4,14,14,WDWWDDLLWWWL,3,2,1,7,4,12,4,3,5,22,27,DDLWLDWWWLLW,2,1,3,12,16,DWDLWW,DWLWWL
Darmstadt 98,SC Freiburg,2-2,/match/darmstadt-98/sc-freiburg/1990,1990,13,2_liga,20,38,1,2,2,13,3,3,6,14,18,WDWLWWWDWWDW,3,2,1,10,6,9,6,1,5,23,21,LWLWLWLLDWWL,3,1,2,12,10,DLWWWD,WLLLDW
Bayreuth SpVgg,Blau-Weiß 1890 B.,6-1,/match/bayreuth-spvgg/blau-weiss-1890-berlin/1990,1990,13,2_liga,20,38,0,6,1,17,2,4,6,16,21,WDWWWWLWDWDD,2,3,1,12,8,6,5,4,3,20,15,DWLWWWDDDLWW,1,3,2,8,9,DWWLDD,DLWDDW
MSV Duisburg,Meppen,0-0,/match/msv-duisburg/meppen/1990,1990,13,2_liga,20,38,1,0,0,10,4,3,5,18,22,LDWLWDWWWWWD,3,2,1,12,9,16,2,5,5,11,19,DWWDWDWDWWDL,0,2,4,3,14,DLDWWW,DWWWWD
Hannover 96,Schalke 04,2-2,/match/hannover-96/schalke-04/1990,1990,13,2_liga,20,38,1,2,2,11,4,2,6,16,15,WWWLWLLDDWWW,3,1,2,12,7,15,4,3,5,21,20,DLLLWWDLWWLD,2,2,2,13,10,WLLDWW,DLWDWL
Wattenscheid 09,Alemannia Aachen,1-2,/match/wattenscheid-09/alemannia-aachen/1990,1990,13,2_liga,20,38,2,1,2,1,8,3,1,26,11,WLWLWDWDDLWW,5,1,0,15,6,19,3,1,8,15,21,LWLDWWLWLWLW,1,1,4,10,12,WWWWDW,WDWWWL
Hertha BSC,RW Essen,2-1,/match/hertha-bsc/rot-weiss-essen/1990,1990,13,2_liga,20,38,0,2,1,4,6,4,2,16,13,WDWWWLDDDLWW,4,2,0,9,4,18,3,4,5,11,14,DWDWLDLWLLWD,2,1,3,5,7,WWWDDW,WWDLLW
Hessen Kassel,Saarbrücken,0-0,/match/hessen-kassel/saarbrucken/1990,1990,13,2_liga,20,38,1,0,0,20,2,2,8,11,33,DDLLLWLWWWLW,1,1,4,7,18,3,7,3,2,26,10,WDWLWDDLWLLW,3,2,1,11,7,DLLLWL,DLDLLW
Fortuna Köln,Braunschweig,0-2,/match/fortuna-koln/eintracht-brau-hellip/1990,1990,13,2_liga,20,38,2,0,2,8,5,3,4,18,19,WDLLWWWLDWLD,3,1,2,8,6,2,8,1,3,22,10,WLWDWWWWWWLW,2,1,3,8,6,WLWWDL,LDWWWL
Braunschweig,Hertha BSC,1-2,/match/eintracht-brau-hellip/hertha-bsc/1990,1990,14,2_liga,20,38,2,1,2,1,9,1,3,24,10,WLWDWWWWWWLWL,6,0,0,14,4,3,7,4,2,18,14,WDWWWLDDDLWWW,2,2,2,7,9,WWWWWW,DWLDLW
SC Freiburg,Bayreuth SpVgg,2-0,/match/sc-freiburg/bayreuth-spvgg/1990,1990,14,2_liga,20,38,0,2,0,10,6,2,5,25,23,LWLWLWLLDWWLD,3,0,3,11,11,12,3,4,6,22,22,WDWWWWLWDWDDW,0,1,5,4,13,LWWLWL,WWWWWD
Meppen,Hannover 96,1-0,/match/meppen/hannover-96/1990,1990,14,2_liga,20,38,0,1,0,17,2,6,5,11,19,DWWDWDWDWWDLD,2,3,1,8,5,13,4,3,6,18,17,WWWLWLLDDWWWD,1,1,4,4,8,WDDDWL,WWWLDW
VfL Osnabrück,Darmstadt 98,4-2,/match/vfl-osnabruck/darmstadt-98/1990,1990,14,2_liga,20,38,0,4,2,14,5,3,5,26,28,DDLWLDWWWLLWL,2,2,2,10,11,11,3,4,6,16,20,WDWLWWWDWWDWD,0,1,5,4,12,DLDWLW,WWWDWW
RW Essen,Preußen Münster,1-1,/match/rot-weiss-essen/preuben-munster/1990,1990,14,2_liga,20,38,1,1,1,18,3,4,6,12,16,DWDWLDLWLLWDW,1,3,2,6,7,7,5,3,5,15,18,WDWWDDLLWWWLL,2,1,3,7,10,DDLWLD,WWDLWL
Saarbrücken,Wattenscheid 09,2-0,/match/saarbrucken/wattenscheid-09/1990,1990,14,2_liga,20,38,0,2,0,4,7,4,2,26,10,WDWLWDDLWLLWD,4,1,1,15,3,2,8,3,2,27,13,WLWLWDWDDLWWL,3,2,1,11,5,WWWDWL,LLDDLW
Schalke 04,Hessen Kassel,2-0,/match/schalke-04/hessen-kassel/1990,1990,14,2_liga,20,38,0,2,0,16,4,4,5,23,22,DLLLWWDLWWLDD,2,1,3,8,10,20,2,3,8,11,33,DDLLLWLWWWLWD,1,1,4,4,15,LLWLWD,DLWWWW
Blau-Weiß 1890 B.,Stuttgarter,0-2,/match/blau-weiss-1890-berlin/stuttgarter-kickers/1990,1990,14,2_liga,20,38,2,0,2,6,5,4,4,21,21,DWLWWWDDDLWWW,4,1,1,12,6,5,8,1,4,24,19,WLLWDWLWWWLLW,3,1,2,6,8,WWWDLW,WLDLWL
Unterhaching,MSV Duisburg,1-1,/match/unterhaching/msv-duisburg/1990,1990,14,2_liga,20,38,1,1,1,15,2,7,4,14,16,LDDDWDWLDWDDW,1,4,1,8,6,8,4,4,5,18,22,LDWLWDWWWWWDD,1,1,4,6,13,DDDLWD,LWWWWD
Alemannia Aachen,Fortuna Köln,3-0,/match/alemannia-aachen/fortuna-koln/1990,1990,14,2_liga,20,38,0,3,0,19,4,1,8,17,22,LWLDWWLWLWLWL,2,0,4,5,9,9,5,3,5,18,21,WDLLWWWLDWLDL,2,2,2,10,13,LLWLLW,DLWLWD
MSV Duisburg,Blau-Weiß 1890 B.,2-2,/match/msv-duisburg/blau-weiss-1890-berlin/1990,1990,15,2_liga,20,38,1,2,2,10,4,5,5,19,23,LDWLWDWWWWWDDD,3,3,1,12,9,7,5,4,5,21,23,DWLWWWDDDLWWWL,1,3,3,9,15,DLDWWWD,DLWDDWW
Hessen Kassel,Wattenscheid 09,0-3,/match/hessen-kassel/wattenscheid-09/1990,1990,15,2_liga,20,38,2,0,3,20,2,3,9,11,35,DDLLLWLWWWLWDW,1,2,4,7,18,4,8,3,3,27,15,WLWLWDWDDLWWLW,3,2,2,11,7,DLLLWLD,LLDDLWW
Preußen Münster,Braunschweig,1-2,/match/preuben-munster/eintracht-brau-hellip/1990,1990,15,2_liga,20,38,2,1,2,9,5,4,5,16,19,WDWWDDLLWWWLLD,3,2,2,8,8,2,9,1,4,25,12,WLWDWWWWWWLWLL,3,1,3,10,6,DWDLWWL,LDWWWLL
Darmstadt 98,RW Essen,2-1,/match/darmstadt-98/rot-weiss-essen/1990,1990,15,2_liga,20,38,0,2,1,15,3,4,7,18,24,WDWLWWWDWWDWDW,3,3,1,12,8,18,3,5,6,13,17,DWDWLDLWLLWDWD,2,1,4,6,9,DLWWWDD,WWDLLWW
Stuttgarter,SC Freiburg,1-1,/match/stuttgarter-kickers/sc-freiburg/1990,1990,15,2_liga,20,38,1,1,1,5,9,1,4,26,19,WLLWDWLWWWLLWL,5,0,2,18,11,6,7,2,5,27,23,LWLWLWLLDWWLDW,3,2,2,14,12,LWWWWLW,WLLLDWD
Hannover 96,Unterhaching,3-0,/match/hannover-96/unterhaching/1990,1990,15,2_liga,20,38,0,3,0,16,4,3,7,18,18,WWWLWLLDDWWWDW,3,2,2,14,9,14,2,8,4,15,17,LDDDWDWLDWDDWD,1,3,3,6,10,WLLDWWD,LDWWDDW
Schalke 04,Meppen,2-0,/match/schalke-04/meppen/1990,1990,15,2_liga,20,38,0,2,0,12,5,4,5,25,22,DLLLWWDLWWLDDW,3,1,3,10,10,11,3,6,5,12,19,DWWDWDWDWWDLDW,0,3,4,3,14,LLWLWDW,DWWWWDD
Fortuna Köln,Saarbrücken,1-1,/match/fortuna-koln/saarbrucken/1990,1990,15,2_liga,20,38,1,1,1,13,5,3,6,18,24,WDLLWWWLDWLDLW,3,1,3,8,8,3,8,4,2,28,10,WDWLWDDLWLLWDW,3,3,1,11,7,WLWWDLL,DLDLLWD
Hertha BSC,Alemannia Aachen,3-1,/match/hertha-bsc/alemannia-aachen/1990,1990,15,2_liga,20,38,0,3,1,1,8,4,2,20,15,WDWWWLDDDLWWWL,5,2,0,11,5,19,5,1,8,20,22,LWLDWWLWLWLWLW,2,1,4,12,13,WWWDDWW,WDWWWLL
Bayreuth SpVgg,VfL Osnabrück,3-1,/match/bayreuth-spvgg/vfl-osnabruck/1990,1990,15,2_liga,20,38,0,3,1,17,3,4,7,22,24,WDWWWWLWDWDDWW,3,3,1,18,9,8,6,3,5,30,30,DDLWLDWWWLLWLW,3,1,3,16,17,DWWLDDW,DWLWWLL
Meppen,Hessen Kassel,0-1,/match/meppen/hessen-kassel/1990,1990,16,2_liga,20,38,2,0,1,16,3,6,6,12,21,DWWDWDWDWWDLDWW,3,3,1,9,5,20,2,3,10,11,38,DDLLLWLWWWLWDWL,1,1,5,4,17,WDDDWLW,DLWWWWW
SC Freiburg,MSV Duisburg,2-2,/match/sc-freiburg/msv-duisburg/1990,1990,16,2_liga,20,38,1,2,2,6,7,3,5,28,24,LWLWLWLLDWWLDWD,4,0,3,13,11,9,4,6,5,21,25,LDWLWDWWWWWDDDD,1,2,4,7,14,LWWLWLW,LWWWWDD
Braunschweig,Darmstadt 98,5-0,/match/eintracht-brau-hellip/darmstadt-98/1990,1990,16,2_liga,20,38,0,5,0,2,10,1,4,27,13,WLWDWWWWWWLWLLL,6,0,1,15,6,13,4,4,7,20,25,WDWLWWWDWWDWDWW,0,1,6,6,16,WWWWWWL,WWWDWWW
VfL Osnabrück,Stuttgarter,1-0,/match/vfl-osnabruck/stuttgarter-kickers/1990,1990,16,2_liga,20,38,0,1,0,11,6,3,6,31,33,DDLWLDWWWLLWLWW,3,2,2,14,13,5,9,2,4,27,20,WLLWDWLWWWLLWLD,4,1,2,8,8,DLDWLWW,WLDLWLL
RW Essen,Bayreuth SpVgg,3-0,/match/rot-weiss-essen/bayreuth-spvgg/1990,1990,16,2_liga,20,38,0,3,0,18,3,5,7,14,19,DWDWLDLWLLWDWDW,1,4,2,7,8,12,4,4,7,25,25,WDWWWWLWDWDDWWW,0,1,6,4,15,DDLWLDD,WWWWWDW
Saarbrücken,Hertha BSC,3-0,/match/saarbrucken/hertha-bsc/1990,1990,16,2_liga,20,38,0,3,0,3,8,5,2,29,11,WDWLWDDLWLLWDWD,5,1,1,17,3,1,9,4,2,23,16,WDWWWLDDDLWWWLW,3,2,2,9,10,WWWDWLW,DWLDLWL
Wattenscheid 09,Fortuna Köln,2-0,/match/wattenscheid-09/fortuna-koln/1990,1990,16,2_liga,20,38,0,2,0,4,9,3,3,30,15,WLWLWDWDDLWWLWL,5,1,1,16,8,15,5,4,6,19,25,WDLLWWWLDWLDLWD,2,2,3,10,16,WWWWDWL,DLWLWDW
Blau-Weiß 1890 B.,Hannover 96,1-1,/match/blau-weiss-1890-berlin/hannover-96/1990,1990,16,2_liga,20,38,1,1,1,8,5,5,5,23,25,DWLWWWDDDLWWWLD,4,1,2,12,8,10,5,3,7,21,18,WWWLWLLDDWWWDWW,1,1,5,4,9,WWWDLWL,WWWLDWW
Unterhaching,Schalke 04,2-1,/match/unterhaching/schalke-04/1990,1990,16,2_liga,20,38,0,2,1,17,2,8,5,15,20,LDDDWDWLDWDDWDW,1,5,1,9,7,7,6,4,5,27,22,DLLLWWDLWWLDDWW,2,3,2,15,12,DDDLWDD,DLWDWLD
Alemannia Aachen,Preußen Münster,7-1,/match/alemannia-aachen/preuben-munster/1990,1990,16,2_liga,20,38,0,7,1,19,5,1,9,21,25,LWLDWWLWLWLWLWW,3,0,4,8,9,14,5,4,6,17,21,WDWWDDLLWWWLLDL,2,2,3,8,11,LLWLLWW,WWDLWLD
Hannover 96,SC Freiburg,0-0,/match/hannover-96/sc-freiburg/1990,1990,17,2_liga,20,38,1,0,0,11,5,4,7,22,19,WWWLWLLDDWWWDWWD,4,2,2,17,9,7,7,4,5,30,26,LWLWLWLLDWWLDWDD,3,3,2,15,13,WLLDWWDW,WLLLDWDD
Preußen Münster,Saarbrücken,0-0,/match/preuben-munster/saarbrucken/1990,1990,17,2_liga,20,38,1,0,0,15,5,4,7,18,28,WDWWDDLLWWWLLDLW,3,2,3,9,10,3,9,5,2,32,11,WDWLWDDLWLLWDWDW,3,4,1,12,8,DWDLWWLL,DLDLLWDD
Darmstadt 98,Alemannia Aachen,1-0,/match/darmstadt-98/alemannia-aachen/1990,1990,17,2_liga,20,38,0,1,0,13,4,4,8,20,30,WDWLWWWDWWDWDWWW,4,3,1,14,9,19,6,1,9,28,26,LWLDWWLWLWLWLWWW,2,1,5,13,16,DLWWWDDW,WDWWWLLW
Meppen,Unterhaching,3-1,/match/meppen/unterhaching/1990,1990,17,2_liga,20,38,0,3,1,17,3,6,7,12,22,DWWDWDWDWWDLDWWL,3,3,2,9,6,14,3,8,5,17,21,LDDDWDWLDWDDWDWW,1,3,4,6,13,WDDDWLWL,LDWWDDWW
Schalke 04,Blau-Weiß 1890 B.,2-0,/match/schalke-04/blau-weiss-1890-berlin/1990,1990,17,2_liga,20,38,0,2,0,9,6,4,6,28,24,DLLLWWDLWWLDDWWW,4,1,3,12,10,8,5,6,5,24,26,DWLWWWDDDLWWWLDD,1,4,3,11,17,LLWLWDWW,DLWDDWWD
Fortuna Köln,Hessen Kassel,0-1,/match/fortuna-koln/hessen-kassel/1990,1990,17,2_liga,20,38,2,0,1,16,5,4,7,19,27,WDLLWWWLDWLDLWDW,3,2,3,9,9,20,3,3,10,12,38,DDLLLWLWWWLWDWLL,2,1,5,5,17,WLWWDLLD,DLWWWWWL
Hertha BSC,Wattenscheid 09,1-1,/match/hertha-bsc/wattenscheid-09/1990,1990,17,2_liga,20,38,1,1,1,2,9,4,3,23,19,WDWWWLDDDLWWWLWW,6,2,0,14,6,4,10,3,3,32,15,WLWLWDWDDLWWLWLW,4,2,2,14,7,WWWDDWWW,LLDDLWWL
Stuttgarter,RW Essen,4-1,/match/stuttgarter-kickers/rot-weiss-essen/1990,1990,17,2_liga,20,38,0,4,1,5,9,2,5,27,21,WLLWDWLWWWLLWLDW,5,1,2,19,12,18,4,5,7,17,19,DWDWLDLWLLWDWDWW,2,1,5,7,11,LWWWWLWD,WWDLLWWW
Bayreuth SpVgg,Braunschweig,1-0,/match/bayreuth-spvgg/eintracht-brau-hellip/1990,1990,17,2_liga,20,38,0,1,0,12,4,4,8,25,28,WDWWWWLWDWDDWWWW,4,3,1,21,10,1,11,1,4,32,13,WLWDWWWWWWLWLLLW,4,1,3,12,7,DWWLDDWW,LDWWWLLL
MSV Duisburg,VfL Osnabrück,1-0,/match/msv-duisburg/vfl-osnabruck/1990,1990,17,2_liga,20,38,0,1,0,10,4,7,5,23,27,LDWLWDWWWWWDDDDD,3,4,1,14,11,6,7,3,6,32,33,DDLWLDWWWLLWLWWW,3,1,4,17,20,DLDWWWDD,DWLWWLLW
Braunschweig,Stuttgarter,3-0,/match/eintracht-brau-hellip/stuttgarter-kickers/1990,1990,18,2_liga,20,38,0,3,0,2,11,1,5,32,14,WLWDWWWWWWLWLLLWW,7,0,1,20,6,5,10,2,5,31,22,WLLWDWLWWWLLWLDWW,4,1,3,8,9,WWWWWWLW,WLDLWLLW
VfL Osnabrück,Hannover 96,1-4,/match/vfl-osnabruck/hannover-96/1990,1990,18,2_liga,20,38,2,1,4,10,7,3,7,32,34,DDLWLDWWWLLWLWWWW,4,2,2,15,13,12,5,5,7,22,19,WWWLWLLDDWWWDWWDD,1,2,5,5,10,DLDWLWWW,WWWLDWWD
RW Essen,MSV Duisburg,1-1,/match/rot-weiss-essen/msv-duisburg/1990,1990,18,2_liga,20,38,1,1,1,18,4,5,8,18,23,DWDWLDLWLLWDWDWWW,2,4,2,10,8,7,5,7,5,24,27,LDWLWDWWWWWDDDDDW,1,3,4,9,16,DDLWLDDW,LWWWWDDD
Alemannia Aachen,Bayreuth SpVgg,2-1,/match/alemannia-aachen/bayreuth-spvgg/1990,1990,18,2_liga,20,38,0,2,1,19,6,1,10,28,27,LWLDWWLWLWLWLWWWW,4,0,4,15,10,9,5,4,8,26,28,WDWWWWLWDWDDWWWWW,0,1,7,4,18,LLWLLWWW,WWWWWDWW
Saarbrücken,Darmstadt 98,1-1,/match/saarbrucken/darmstadt-98/1990,1990,18,2_liga,20,38,1,1,1,3,9,6,2,32,11,WDWLWDDLWLLWDWDWD,6,1,1,20,3,11,5,4,8,21,30,WDWLWWWDWWDWDWWWW,0,1,7,6,21,WWWDWLWW,WWWDWWWW
Wattenscheid 09,Preußen Münster,4-0,/match/wattenscheid-09/preuben-munster/1990,1990,18,2_liga,20,38,0,4,0,4,10,4,3,33,16,WLWLWDWDDLWWLWLWD,6,1,1,18,8,15,5,5,7,18,28,WDWWDDLLWWWLLDLWD,2,2,4,9,18,WWWWDWLW,WWDLWLDW
Blau-Weiß 1890 B.,Meppen,1-1,/match/blau-weiss-1890-berlin/meppen/1990,1990,18,2_liga,20,38,1,1,1,13,5,6,6,24,28,DWLWWWDDDLWWWLDDW,4,2,2,13,9,14,4,6,7,15,23,DWWDWDWDWWDLDWWLW,0,3,5,3,16,WWWDLWLD,DWWWWDDW
Fortuna Köln,Hertha BSC,3-0,/match/fortuna-koln/hertha-bsc/1990,1990,18,2_liga,20,38,0,3,0,17,5,4,8,19,28,WDLLWWWLDWLDLWDWL,3,2,4,9,10,1,9,5,3,24,20,WDWWWLDDDLWWWLWWD,3,2,3,9,13,WLWWDLLDL,DWLDLWLW
SC Freiburg,Schalke 04,0-3,/match/sc-freiburg/schalke-04/1990,1990,18,2_liga,20,38,2,0,3,8,7,5,5,30,26,LWLWLWLLDWWLDWDDD,4,1,3,15,13,6,7,4,6,30,24,DLLLWWDLWWLDDWWWW,2,3,3,16,14,LWWLWLWD,DLWDWLDW
Hessen Kassel,Unterhaching,3-2,/match/hessen-kassel/unterhaching/1990,1990,18,2_liga,20,38,0,3,2,20,4,3,10,13,38,DDLLLWLWWWLWDWLLL,1,2,5,7,21,16,3,8,6,18,24,LDDDWDWLDWDDWDWWW,1,3,5,7,16,DLLLWLDL,LDWWDDWWW
Stuttgarter,Alemannia Aachen,4-2,/match/stuttgarter-kickers/alemannia-aachen/1990,1990,19,2_liga,20,38,0,4,2,5,10,2,6,31,25,WLLWDWLWWWLLWLDWWW,6,1,2,23,13,16,7,1,10,30,28,LWLDWWLWLWLWLWWWWW,2,1,6,13,17,LWWWWLWDW,WDWWWLLWW
Meppen,SC Freiburg,0-0,/match/meppen/sc-freiburg/1990,1990,19,2_liga,20,38,1,0,0,14,4,7,7,16,24,DWWDWDWDWWDLDWWLWD,4,3,2,12,7,11,7,5,6,30,29,LWLWLWLLDWWLDWDDDL,3,4,2,15,13,WDDDWLWLW,WLLLDWDDD
Preußen Münster,Fortuna Köln,0-0,/match/preuben-munster/fortuna-koln/1990,1990,19,2_liga,20,38,1,0,0,17,5,5,8,18,32,WDWWDDLLWWWLLDLWDW,3,3,3,9,10,15,6,4,8,22,28,WDLLWWWLDWLDLWDWLW,2,2,4,10,18,DWDLWWLLD,DLWLWDWW
Darmstadt 98,Wattenscheid 09,4-1,/match/darmstadt-98/wattenscheid-09/1990,1990,19,2_liga,20,38,0,4,1,10,5,5,8,22,31,WDWLWWWDWWDWDWWWWD,5,3,1,15,9,2,11,4,3,37,16,WLWLWDWDDLWWLWLWDW,4,3,2,15,8,DLWWWDDWW,LLDDLWWLD
Bayreuth SpVgg,Saarbrücken,2-2,/match/bayreuth-spvgg/saarbrucken/1990,1990,19,2_liga,20,38,1,2,2,13,5,4,9,27,30,WDWWWWLWDWDDWWWWWW,5,3,1,22,10,3,9,7,2,33,12,WDWLWDDLWLLWDWDWDD,3,5,1,12,8,DWWLDDWWW,DLDLLWDDD
Hannover 96,RW Essen,4-1,/match/hannover-96/rot-weiss-essen/1990,1990,19,2_liga,20,38,0,4,1,9,6,5,7,26,20,WWWLWLLDDWWWDWWDDL,4,3,2,17,9,19,4,6,8,19,24,DWDWLDLWLLWDWDWWWD,2,1,6,8,15,WLLDWWDWD,WWDLLWWWW
Schalke 04,VfL Osnabrück,4-1,/match/schalke-04/vfl-osnabruck/1990,1990,19,2_liga,20,38,0,4,1,6,8,4,6,33,24,DLLLWWDLWWLDDWWWWL,5,1,3,14,10,12,7,3,8,33,38,DDLWLDWWWLLWLWWWWL,3,1,5,17,21,LLWLWDWWW,DWLWWLLWW
Hertha BSC,Hessen Kassel,2-0,/match/hertha-bsc/hessen-kassel/1990,1990,19,2_liga,20,38,0,2,0,4,9,5,4,24,23,WDWWWLDDDLWWWLWWDW,6,3,0,15,7,20,5,3,10,16,40,DDLLLWLWWWLWDWLLLW,3,1,5,6,17,WWWDDWWWD,DLWWWWWLL
Unterhaching,Blau-Weiß 1890 B.,1-1,/match/unterhaching/blau-weiss-1890-berlin/1990,1990,19,2_liga,20,38,1,1,1,18,3,8,7,20,27,LDDDWDWLDWDDWDWWWW,2,5,1,11,8,8,5,7,6,25,29,DWLWWWDDDLWWWLDDWD,1,4,4,11,19,DDDLWDDW,DLWDDWWDW
MSV Duisburg,Braunschweig,2-0,/match/msv-duisburg/eintracht-brau-hellip/1990,1990,19,2_liga,20,38,0,2,0,7,5,8,5,25,28,LDWLWDWWWWWDDDDDWD,4,4,1,15,11,1,12,1,5,35,14,WLWDWWWWWWLWLLLWWW,4,1,4,12,8,DLDWWWDDW,LDWWWLLLW
MSV Duisburg,Alemannia Aachen,3-1,/match/msv-duisburg/alemannia-aachen/1990,1990,20,2_liga,20,38,0,3,1,7,6,8,5,27,28,LDWLWDWWWWWDDDDDWDW,5,4,1,17,11,17,7,1,11,32,32,LWLDWWLWLWLWLWWWWWW,2,1,7,15,21,DLDWWWDDWW,WDWWWLLWWW
Unterhaching,SC Freiburg,0-0,/match/unterhaching/sc-freiburg/1990,1990,20,2_liga,20,38,1,0,0,18,3,9,7,21,28,LDDDWDWLDWDDWDWWWWD,2,6,1,12,9,11,7,6,6,30,29,LWLWLWLLDWWLDWDDDLD,3,5,2,15,13,DDDLWDDWD,WLLLDWDDDD
Meppen,VfL Osnabrück,3-1,/match/meppen/vfl-osnabruck/1990,1990,20,2_liga,20,38,0,3,1,13,4,8,7,16,24,DWWDWDWDWWDLDWWLWDD,4,4,2,12,7,14,7,3,9,34,42,DDLWLDWWWLLWLWWWWLW,3,1,6,18,25,WDDDWLWLWD,DWLWWLLWWW
Hannover 96,Braunschweig,3-0,/match/hannover-96/eintracht-brau-hellip/1990,1990,20,2_liga,20,38,0,3,0,8,7,5,7,30,21,WWWLWLLDDWWWDWWDDLW,5,3,2,21,10,2,12,1,6,35,16,WLWDWWWWWWLWLLLWWWW,4,1,5,12,10,WLLDWWDWDW,LDWWWLLLWW
Stuttgarter,Saarbrücken,1-0,/match/stuttgarter-kickers/saarbrucken/1990,1990,20,2_liga,20,38,0,1,0,5,11,2,6,35,27,WLLWDWLWWWLLWLDWWWW,7,1,2,27,15,4,9,8,2,35,14,WDWLWDDLWLLWDWDWDDD,3,6,1,14,10,LWWWWLWDWW,DLDLLWDDDD
Bayreuth SpVgg,Wattenscheid 09,0-2,/match/bayreuth-spvgg/wattenscheid-09/1990,1990,20,2_liga,20,38,2,0,2,10,5,5,9,29,32,WDWWWWLWDWDDWWWWWWD,5,4,1,24,12,3,11,4,4,38,20,WLWLWDWDDLWWLWLWDWW,4,3,3,16,12,DWWLDDWWWD,LLDDLWWLDW
Darmstadt 98,Fortuna Köln,2-0,/match/darmstadt-98/fortuna-koln/1990,1990,20,2_liga,20,38,0,2,0,9,6,5,8,26,32,WDWLWWWDWWDWDWWWWDW,6,3,1,19,10,15,6,5,8,22,28,WDLLWWWLDWLDLWDWLWD,2,3,4,10,18,DLWWWDDWWW,DLWLWDWWD
Preußen Münster,Hertha BSC,2-6,/match/preuben-munster/hertha-bsc/1990,1990,20,2_liga,20,38,2,2,6,16,5,6,8,18,32,WDWWDDLLWWWLLDLWDWD,3,4,3,9,10,1,10,5,4,26,23,WDWWWLDDDLWWWLWWDWW,3,2,4,9,16,DWDLWWLLDD,DWLDLWLWW
Schalke 04,RW Essen,1-0,/match/schalke-04/rot-weiss-essen/1990,1990,20,2_liga,20,38,0,1,0,6,9,4,6,37,25,DLLLWWDLWWLDDWWWWLW,6,1,3,18,11,19,4,6,9,20,28,DWDWLDLWLLWDWDWWWDW,2,1,7,9,19,LLWLWDWWWW,WWDLLWWWWW
Blau-Weiß 1890 B.,Hessen Kassel,0-1,/match/blau-weiss-1890-berlin/hessen-kassel/1990,1990,20,2_liga,20,38,2,0,1,12,5,8,6,26,30,DWLWWWDDDLWWWLDDWDD,4,3,2,14,10,20,5,3,11,16,42,DDLLLWLWWWLWDWLLLWW,3,1,6,6,19,WWWDLWLDD,DLWWWWWLLW
Saarbrücken,MSV Duisburg,1-2,/match/saarbrucken/msv-duisburg/1990,1990,21,2_liga,20,38,2,1,2,5,9,8,3,35,15,WDWLWDDLWLLWDWDWDDDW,6,2,1,21,4,7,7,8,5,30,29,LDWLWDWWWWWDDDDDWDWW,1,4,4,10,17,WWWDWLWWD,LWWWWDDDD
Hessen Kassel,Preußen Münster,0-0,/match/hessen-kassel/preuben-munster/1990,1990,21,2_liga,20,38,1,0,0,20,6,3,11,17,42,DDLLLWLWWWLWDWLLLWWL,2,2,5,10,23,17,5,6,9,20,38,WDWWDDLLWWWLLDLWDWDL,2,2,5,9,22,DLLLWLDLW,WWDLWLDWW
RW Essen,Meppen,1-1,/match/rot-weiss-essen/meppen/1990,1990,21,2_liga,20,38,1,1,1,19,4,6,10,20,29,DWDWLDLWLLWDWDWWWDWW,2,5,2,11,9,10,5,8,7,19,25,DWWDWDWDWWDLDWWLWDDW,0,4,5,4,17,DDLWLDDWD,DWWWWDDWD
Wattenscheid 09,Stuttgarter,3-0,/match/wattenscheid-09/stuttgarter-kickers/1990,1990,21,2_liga,20,38,0,3,0,2,12,4,4,40,20,WLWLWDWDDLWWLWLWDWWL,7,1,1,22,8,3,12,2,6,36,27,WLLWDWLWWWLLWLDWWWWW,4,1,4,8,12,WWWWDWLWW,WLDLWLLWW
Braunschweig,Schalke 04,2-2,/match/eintracht-brau-hellip/schalke-04/1990,1990,21,2_liga,20,38,1,2,2,4,12,1,7,35,19,WLWDWWWWWWLWLLLWWWWW,8,0,1,23,6,6,10,4,6,38,25,DLLLWWDLWWLDDWWWWLWW,3,3,3,19,14,WWWWWWLWW,DLWDWLDWL
VfL Osnabrück,Unterhaching,2-1,/match/vfl-osnabruck/unterhaching/1990,1990,21,2_liga,20,38,0,2,1,14,7,3,10,35,45,DDLWLDWWWLLWLWWWWLWW,4,2,3,16,17,16,3,10,7,21,28,LDDDWDWLDWDDWDWWWWDD,1,3,6,9,19,DLDWLWWWL,LDWWDDWWWW
SC Freiburg,Blau-Weiß 1890 B.,0-1,/match/sc-freiburg/blau-weiss-1890-berlin/1990,1990,21,2_liga,20,38,2,0,1,11,7,7,6,30,29,LWLWLWLLDWWLDWDDDLDD,4,1,4,15,16,12,5,8,7,26,31,DWLWWWDDDLWWWLDDWDDL,1,5,4,12,20,LWWLWLWDL,DLWDDWWDWD
Fortuna Köln,Bayreuth SpVgg,5-2,/match/fortuna-koln/bayreuth-spvgg/1990,1990,21,2_liga,20,38,0,5,2,15,6,5,9,22,30,WDLLWWWLDWLDLWDWLWDW,4,2,4,12,10,13,5,5,10,29,34,WDWWWWLWDWDDWWWWWWDL,0,1,8,5,20,WLWWDLLDLW,WWWWWDWWW
Alemannia Aachen,Hannover 96,2-1,/match/alemannia-aachen/hannover-96/1990,1990,21,2_liga,20,38,0,2,1,18,7,1,12,33,35,LWLDWWLWLWLWLWWWWWWW,5,0,4,17,11,8,8,5,7,33,21,WWWLWLLDDWWWDWWDDLWW,2,2,5,9,11,LLWLLWWWW,WWWLDWWDL
Hertha BSC,Darmstadt 98,4-1,/match/hertha-bsc/darmstadt-98/1990,1990,21,2_liga,20,38,0,4,1,1,11,5,4,32,25,WDWWWLDDDLWWWLWWDWWL,7,3,0,17,7,9,7,5,8,28,32,WDWLWWWDWWDWDWWWWDWW,0,2,7,7,22,WWWDDWWWDW,WWWDWWWWD
Stuttgarter,Fortuna Köln,1-1,/match/stuttgarter-kickers/fortuna-koln/1990,1990,22,2_liga,20,38,1,1,1,3,12,2,7,36,30,WLLWDWLWWWLLWLDWWWWWW,8,1,2,28,15,13,7,5,9,27,32,WDLLWWWLDWLDLWDWLWDWW,2,3,5,10,20,LWWWWLWDWWW,DLWLWDWWDW
Darmstadt 98,Preußen Münster,1-2,/match/darmstadt-98/preuben-munster/1990,1990,22,2_liga,20,38,2,1,2,9,7,5,9,29,36,WDWLWWWDWWDWDWWWWDWWW,7,3,1,21,10,18,5,7,9,20,38,WDWWDDLLWWWLLDLWDWDLD,2,3,5,9,22,DLWWWDDWWWW,WWDLWLDWWD
Meppen,Braunschweig,2-1,/match/meppen/eintracht-brau-hellip/1990,1990,22,2_liga,20,38,0,2,1,10,5,9,7,20,26,DWWDWDWDWWDLDWWLWDDWD,5,4,2,15,8,4,12,2,7,37,21,WLWDWWWWWWLWLLLWWWWWD,4,1,6,12,13,WDDDWLWLWDW,LDWWWLLLWWW
Schalke 04,Alemannia Aachen,3-1,/match/schalke-04/alemannia-aachen/1990,1990,22,2_liga,20,38,0,3,1,6,10,5,6,40,27,DLLLWWDLWWLDDWWWWLWWD,7,1,3,19,11,16,8,1,12,35,36,LWLDWWLWLWLWLWWWWWWWW,2,1,8,16,24,LLWLWDWWWWW,WDWWWLLWWWW
MSV Duisburg,Wattenscheid 09,3-2,/match/msv-duisburg/wattenscheid-09/1990,1990,22,2_liga,20,38,0,3,2,7,8,8,5,32,30,LDWLWDWWWWWDDDDDWDWWL,6,4,1,20,12,2,13,4,4,43,20,WLWLWDWDDLWWLWLWDWWLW,5,3,3,18,12,DLDWWWDDWWW,LLDDLWWLDWL
Bayreuth SpVgg,Hertha BSC,0-2,/match/bayreuth-spvgg/hertha-bsc/1990,1990,22,2_liga,20,38,2,0,2,15,5,5,11,31,39,WDWWWWLWDWDDWWWWWWDLW,5,4,2,24,14,1,12,5,4,36,26,WDWWWLDDDLWWWLWWDWWLW,4,2,4,15,18,DWWLDDWWWDL,DWLDLWLWWL
Unterhaching,RW Essen,0-2,/match/unterhaching/rot-weiss-essen/1990,1990,22,2_liga,20,38,2,0,2,17,3,10,8,22,30,LDDDWDWLDWDDWDWWWWDDW,2,7,1,12,9,19,4,7,10,21,30,DWDWLDLWLLWDWDWWWDWWD,2,1,8,9,20,DDDLWDDWDD,WWDLLWWWWWW
Hannover 96,Saarbrücken,0-0,/match/hannover-96/saarbrucken/1990,1990,22,2_liga,20,38,1,0,0,8,8,5,8,34,23,WWWLWLLDDWWWDWWDDLWWW,6,3,2,24,10,5,9,8,4,36,17,WDWLWDDLWLLWDWDWDDDWL,3,6,2,14,11,WLLDWWDWDWW,DLDLLWDDDDW
SC Freiburg,Hessen Kassel,0-1,/match/sc-freiburg/hessen-kassel/1990,1990,22,2_liga,20,38,2,0,1,14,7,7,7,30,30,LWLWLWLLDWWLDWDDDLDDL,4,1,5,15,17,20,6,4,11,17,42,DDLLLWLWWWLWDWLLLWWLD,4,1,6,7,19,LWWLWLWDLL,DLWWWWWLLWL
Blau-Weiß 1890 B.,VfL Osnabrück,2-1,/match/blau-weiss-1890-berlin/vfl-osnabruck/1990,1990,22,2_liga,20,38,0,2,1,12,6,8,7,27,31,DWLWWWDDDLWWWLDDWDDLL,4,3,3,14,11,11,8,3,10,37,46,DDLWLDWWWLLWLWWWWLWWW,3,1,7,19,28,WWWDLWLDDL,DWLWWLLWWWW
Hertha BSC,Stuttgarter,0-0,/match/hertha-bsc/stuttgarter-kickers/1990,1990,23,2_liga,20,38,1,0,0,1,13,5,4,38,26,WDWWWLDDDLWWWLWWDWWLWL,8,3,0,21,8,3,12,3,7,37,31,WLLWDWLWWWLLWLDWWWWWWD,4,1,5,8,15,WWWDDWWWDWW,WLDLWLLWWW
VfL Osnabrück,SC Freiburg,3-1,/match/vfl-osnabruck/sc-freiburg/1990,1990,23,2_liga,20,38,0,3,1,13,8,3,11,38,48,DDLWLDWWWLLWLWWWWLWWWW,5,2,3,18,18,14,7,7,8,30,31,LWLWLWLLDWWLDWDDDLDDLL,3,6,2,15,13,DLDWLWWWLW,WLLLDWDDDDD
Hessen Kassel,Darmstadt 98,0-0,/match/hessen-kassel/darmstadt-98/1990,1990,23,2_liga,20,38,1,0,0,20,7,4,11,18,42,DDLLLWLWWWLWDWLLLWWLDL,2,3,5,10,23,10,7,5,10,30,38,WDWLWWWDWWDWDWWWWDWWWL,0,2,8,8,26,DLLLWLDLWD,WWWDWWWWDW
Preußen Münster,Bayreuth SpVgg,2-1,/match/preuben-munster/bayreuth-spvgg/1990,1990,23,2_liga,20,38,0,2,1,17,6,7,9,22,39,WDWWDDLLWWWLLDLWDWDLDL,3,4,4,11,16,15,5,5,12,31,41,WDWWWWLWDWDDWWWWWWDLWL,0,1,9,7,25,DWDLWWLLDDL,WWWWWDWWWW
Wattenscheid 09,Hannover 96,3-0,/match/wattenscheid-09/hannover-96/1990,1990,23,2_liga,20,38,0,3,0,2,13,4,5,45,23,WLWLWDWDDLWWLWLWDWWLWW,8,1,1,25,8,8,8,6,8,34,23,WWWLWLLDDWWWDWWDDLWWWD,2,2,6,10,13,WWWWDWLWWW,WWWLDWWDLW
Braunschweig,Unterhaching,0-0,/match/eintracht-brau-hellip/unterhaching/1990,1990,23,2_liga,20,38,1,0,0,6,12,2,8,38,23,WLWDWWWWWWLWLLLWWWWWDW,8,1,1,25,8,18,3,10,9,22,32,LDDDWDWLDWDDWDWWWWDDWL,1,3,7,10,21,WWWWWWLWWD,LDWWDDWWWWW
RW Essen,Blau-Weiß 1890 B.,2-1,/match/rot-weiss-essen/blau-weiss-1890-berlin/1990,1990,23,2_liga,20,38,0,2,1,19,5,7,10,23,30,DWDWLDLWLLWDWDWWWDWWDL,2,6,2,12,10,11,7,8,7,29,32,DWLWWWDDDLWWWLDDWDDLLW,2,5,4,13,20,DDLWLDDWDD,DLWDDWWDWDL
Alemannia Aachen,Meppen,1-3,/match/alemannia-aachen/meppen/1990,1990,23,2_liga,20,38,2,1,3,16,8,1,13,36,39,LWLDWWLWLWLWLWWWWWWWWW,6,0,4,19,12,9,6,9,7,22,27,DWWDWDWDWWDLDWWLWDDWDW,0,5,5,5,18,LLWLLWWWWW,DWWWWDDWDD
Fortuna Köln,MSV Duisburg,1-1,/match/fortuna-koln/msv-duisburg/1990,1990,23,2_liga,20,38,1,1,1,12,7,6,9,28,33,WDLLWWWLDWLDLWDWLWDWWD,5,2,4,17,12,5,9,8,5,35,32,LDWLWDWWWWWDDDDDWDWWLW,2,4,4,12,18,WLWWDLLDLWW,LWWWWDDDDL
Saarbrücken,Schalke 04,2-0,/match/saarbrucken/schalke-04/1990,1990,23,2_liga,20,38,0,2,0,7,9,9,4,36,17,WDWLWDDLWLLWDWDWDDDWLD,6,2,2,22,6,4,11,5,6,43,28,DLLLWWDLWWLDDWWWWLWWDW,3,4,3,21,16,WWWDWLWWDL,DLWDWLDWLD
Blau-Weiß 1890 B.,Braunschweig,1-1,/match/blau-weiss-1890-berlin/eintracht-brau-hellip/1990,1990,24,2_liga,20,38,1,1,1,12,7,8,8,30,34,DWLWWWDDDLWWWLDDWDDLLWW,5,3,3,16,12,5,12,3,8,38,23,WLWDWWWWWWLWLLLWWWWWDWD,4,1,7,13,15,WWWDLWLDDLW,LDWWWLLLWWWW
Stuttgarter,Preußen Münster,4-0,/match/stuttgarter-kickers/preuben-munster/1990,1990,24,2_liga,20,38,0,4,0,3,12,4,7,37,31,WLLWDWLWWWLLWLDWWWWWWDD,8,2,2,29,16,14,7,7,9,24,40,WDWWDDLLWWWLLDLWDWDLDLW,3,3,5,11,23,LWWWWLWDWWWD,WWDLWLDWWDL
VfL Osnabrück,Hessen Kassel,4-0,/match/vfl-osnabruck/hessen-kassel/1990,1990,24,2_liga,20,38,0,4,0,11,9,3,11,41,49,DDLWLDWWWLLWLWWWWLWWWWW,6,2,3,21,19,20,7,5,11,18,42,DDLLLWLWWWLWDWLLLWWLDLD,5,1,6,8,19,DLDWLWWWLWW,DLWWWWWLLWLL
SC Freiburg,RW Essen,1-2,/match/sc-freiburg/rot-weiss-essen/1990,1990,24,2_liga,20,38,2,1,2,16,7,7,9,31,34,LWLWLWLLDWWLDWDDDLDDLLW,4,1,6,15,18,15,6,7,10,25,31,DWDWLDLWLLWDWDWWWDWWDLW,3,1,8,11,20,LWWLWLWDLLL,WWDLLWWWWWWL
Meppen,Saarbrücken,2-0,/match/meppen/saarbrucken/1990,1990,24,2_liga,20,38,0,2,0,8,7,9,7,25,28,DWWDWDWDWWDLDWWLWDDWDWL,6,4,2,17,9,6,10,9,4,38,17,WDWLWDDLWLLWDWDWDDDWLDW,3,7,2,14,11,WDDDWLWLWDWW,DLDLLWDDDDWD
Schalke 04,Wattenscheid 09,1-1,/match/schalke-04/wattenscheid-09/1990,1990,24,2_liga,20,38,1,1,1,7,11,5,7,43,30,DLLLWWDLWWLDDWWWWLWWDWW,8,1,3,22,12,2,14,4,5,48,23,WLWLWDWDDLWWLWLWDWWLWWW,5,3,4,20,15,LLWLWDWWWWWW,LLDDLWWLDWLW
MSV Duisburg,Hertha BSC,0-3,/match/msv-duisburg/hertha-bsc/1990,1990,24,2_liga,20,38,2,0,3,4,9,9,5,36,33,LDWLWDWWWWWDDDDDWDWWLWD,7,4,1,23,14,1,13,6,4,38,26,WDWWWLDDDLWWWLWWDWWLWLD,5,2,4,17,18,DLDWWWDDWWWW,DWLDLWLWWLL
Hannover 96,Fortuna Köln,1-1,/match/hannover-96/fortuna-koln/1990,1990,24,2_liga,20,38,1,1,1,9,8,6,9,34,26,WWWLWLLDDWWWDWWDDLWWWDW,6,4,2,24,10,13,7,7,9,29,34,WDLLWWWLDWLDLWDWLWDWWDD,2,4,5,11,21,WLLDWWDWDWWD,DLWLWDWWDWD
Unterhaching,Alemannia Aachen,3-2,/match/unterhaching/alemannia-aachen/1990,1990,24,2_liga,20,38,0,3,2,19,3,11,9,22,32,LDDDWDWLDWDDWDWWWWDDWLD,2,7,2,12,11,18,8,1,14,37,42,LWLDWWLWLWLWLWWWWWWWWWL,2,1,9,17,27,DDDLWDDWDDL,WDWWWLLWWWWW
Bayreuth SpVgg,Darmstadt 98,2-0,/match/bayreuth-spvgg/darmstadt-98/1990,1990,24,2_liga,20,38,0,2,0,17,5,5,13,32,43,WDWWWWLWDWDDWWWWWWDLWLW,5,4,3,24,16,10,7,6,10,30,38,WDWLWWWDWWDWDWWWWDWWWLD,0,3,8,8,26,DWWLDDWWWDLL,WWWDWWWWDWD
Darmstadt 98,Stuttgarter,0-0,/match/darmstadt-98/stuttgarter-kickers/1990,1990,25,2_liga,20,38,1,0,0,11,7,6,11,30,40,WDWLWWWDWWDWDWWWWDWWWLDW,7,3,2,22,12,3,13,4,7,41,31,WLLWDWLWWWLLWLDWWWWWWDDW,4,2,5,8,15,DLWWWDDWWWWL,WLDLWLLWWWD
Preußen Münster,MSV Duisburg,1-1,/match/preuben-munster/msv-duisburg/1990,1990,25,2_liga,20,38,1,1,1,14,7,7,10,24,44,WDWWDDLLWWWLLDLWDWDLDLWW,4,4,4,13,17,6,9,9,6,36,36,LDWLWDWWWWWDDDDDWDWWLWDL,2,5,4,13,19,DWDLWWLLDDLW,LWWWWDDDDLD
Hessen Kassel,Bayreuth SpVgg,2-0,/match/hessen-kassel/bayreuth-spvgg/1990,1990,25,2_liga,20,38,0,2,0,20,7,5,12,18,46,DDLLLWLWWWLWDWLLLWWLDLDW,2,4,5,10,23,16,6,5,13,34,43,WDWWWWLWDWDDWWWWWWDLWLWW,0,1,10,8,27,DLLLWLDLWDD,WWWWWDWWWWW
RW Essen,VfL Osnabrück,0-0,/match/rot-weiss-essen/vfl-osnabruck/1990,1990,25,2_liga,20,38,1,0,0,15,7,7,10,27,32,DWDWLDLWLLWDWDWWWDWWDLWL,3,6,2,14,11,10,10,3,11,45,49,DDLWLDWWWLLWLWWWWLWWWWWW,3,1,8,20,30,DDLWLDDWDDW,DWLWWLLWWWWW
Hertha BSC,Hannover 96,1-0,/match/hertha-bsc/hannover-96/1990,1990,25,2_liga,20,38,0,1,0,1,14,6,4,41,26,WDWWWLDDDLWWWLWWDWWLWLDL,8,4,0,21,8,9,8,7,9,35,27,WWWLWLLDDWWWDWWDDLWWWDWD,2,2,7,10,16,WWWDDWWWDWWD,WWWLDWWDLWW
Saarbrücken,Unterhaching,6-1,/match/saarbrucken/unterhaching/1990,1990,25,2_liga,20,38,0,6,1,7,10,9,5,38,19,WDWLWDDLWLLWDWDWDDDWLDWW,7,2,2,24,6,17,4,11,9,25,34,LDDDWDWLDWDDWDWWWWDDWLDW,1,4,7,10,21,WWWDWLWWDLW,LDWWDDWWWWWD
Braunschweig,SC Freiburg,0-3,/match/eintracht-brau-hellip/sc-freiburg/1990,1990,25,2_liga,20,38,2,0,3,4,12,4,8,39,24,WLWDWWWWWWLWLLLWWWWWDWDD,8,2,1,25,8,18,7,7,10,32,36,LWLWLWLLDWWLDWDDDLDDLLWL,3,6,3,16,16,WWWWWWLWWDD,WLLLDWDDDDDW
Wattenscheid 09,Meppen,2-0,/match/wattenscheid-09/meppen/1990,1990,25,2_liga,20,38,0,2,0,2,14,5,5,49,24,WLWLWDWDDLWWLWLWDWWLWWWD,9,1,1,28,8,8,8,9,7,27,28,DWWDWDWDWWDLDWWLWDDWDWLW,1,5,5,8,19,WWWWDWLWWWW,DWWWWDDWDDL
Fortuna Köln,Schalke 04,2-1,/match/fortuna-koln/schalke-04/1990,1990,25,2_liga,20,38,0,2,1,13,7,8,9,30,35,WDLLWWWLDWLDLWDWLWDWWDDD,5,3,4,18,13,5,11,6,7,44,31,DLLLWWDLWWLDDWWWWLWWDWWD,3,4,4,21,18,WLWWDLLDLWWD,DLWDWLDWLDW
Alemannia Aachen,Blau-Weiß 1890 B.,2-1,/match/alemannia-aachen/blau-weiss-1890-berlin/1990,1990,25,2_liga,20,38,0,2,1,19,8,1,15,39,45,LWLDWWLWLWLWLWWWWWWWWWLW,6,0,5,20,15,12,7,9,8,31,35,DWLWWWDDDLWWWLDDWDDLLWWD,2,5,5,14,22,LLWLLWWWWWL,DLWDDWWDWDLW
SC Freiburg,Alemannia Aachen,1-1,/match/sc-freiburg/alemannia-aachen/1990,1990,26,2_liga,20,38,1,1,1,19,8,7,10,35,36,LWLWLWLLDWWLDWDDDLDDLLWLL,4,1,7,16,20,17,9,1,15,41,46,LWLDWWLWLWLWLWWWWWWWWWLWW,2,1,10,19,30,LWWLWLWDLLLL,WDWWWLLWWWWWW
Hannover 96,Preußen Münster,2-1,/match/hannover-96/preuben-munster/1990,1990,26,2_liga,20,38,0,2,1,9,8,7,10,35,28,WWWLWLLDDWWWDWWDDLWWWDWDW,6,5,2,25,11,14,7,8,10,25,45,WDWWDDLLWWWLLDLWDWDLDLWWD,3,3,6,11,27,WLLDWWDWDWWDD,WWDLWLDWWDLW
MSV Duisburg,Darmstadt 98,3-1,/match/msv-duisburg/darmstadt-98/1990,1990,26,2_liga,20,38,0,3,1,7,9,10,6,37,37,LDWLWDWWWWWDDDDDWDWWLWDLD,7,4,2,23,17,12,7,7,11,30,40,WDWLWWWDWWDWDWWWWDWWWLDWD,0,3,9,8,28,DLDWWWDDWWWWL,WWWDWWWWDWDW
RW Essen,Hessen Kassel,1-0,/match/rot-weiss-essen/hessen-kassel/1990,1990,26,2_liga,20,38,0,1,0,15,7,8,10,27,32,DWDWLDLWLLWDWDWWWDWWDLWLD,3,7,2,14,11,20,8,5,12,20,46,DDLLLWLWWWLWDWLLLWWLDLDWW,5,1,7,8,23,DDLWLDDWDDWD,DLWWWWWLLWLLW
VfL Osnabrück,Braunschweig,1-2,/match/vfl-osnabruck/eintracht-brau-hellip/1990,1990,26,2_liga,20,38,2,1,2,10,10,4,11,45,49,DDLWLDWWWLLWLWWWWLWWWWWWD,7,2,3,25,19,5,12,4,9,39,27,WLWDWWWWWWLWLLLWWWWWDWDDL,4,2,7,14,16,DLDWLWWWLWWW,LDWWWLLLWWWWD
Unterhaching,Wattenscheid 09,1-2,/match/unterhaching/wattenscheid-09/1990,1990,26,2_liga,20,38,2,1,2,18,4,11,10,26,40,LDDDWDWLDWDDWDWWWWDDWLDWW,3,7,2,15,13,2,15,5,5,51,24,WLWLWDWDDLWWLWLWDWWLWWWDW,5,4,4,21,16,DDDLWDDWDDLW,LLDDLWWLDWLWD
Meppen,Fortuna Köln,2-2,/match/meppen/fortuna-koln/1990,1990,26,2_liga,20,38,1,2,2,8,8,9,8,27,30,DWWDWDWDWWDLDWWLWDDWDWLWW,7,4,2,19,9,11,8,8,9,32,36,WDLLWWWLDWLDLWDWLWDWWDDDW,2,5,5,12,22,WDDDWLWLWDWWW,DLWLWDWWDWDD
Schalke 04,Hertha BSC,4-1,/match/schalke-04/hertha-bsc/1990,1990,26,2_liga,20,38,0,4,1,6,11,6,8,45,33,DLLLWWDLWWLDDWWWWLWWDWWDW,8,2,3,23,13,1,15,6,4,42,26,WDWWWLDDDLWWWLWWDWWLWLDLW,6,2,4,20,18,LLWLWDWWWWWWD,DWLDLWLWWLLL
Stuttgarter,Bayreuth SpVgg,3-1,/match/stuttgarter-kickers/bayreuth-spvgg/1990,1990,26,2_liga,20,38,0,3,1,3,13,5,7,41,31,WLLWDWLWWWLLWLDWWWWWWDDWD,9,2,2,33,16,16,6,5,14,34,45,WDWWWWLWDWDDWWWWWWDLWLWWW,0,1,11,8,29,LWWWWLWDWWWDW,WWWWWDWWWWWW
Blau-Weiß 1890 B.,Saarbrücken,0-1,/match/blau-weiss-1890-berlin/saarbrucken/1990,1990,26,2_liga,20,38,2,0,1,13,7,9,9,32,37,DWLWWWDDDLWWWLDDWDDLLWWDW,5,4,3,17,13,4,11,9,5,44,20,WDWLWDDLWLLWDWDWDDDWLDWWW,3,7,3,14,13,WWWDLWLDDLWD,DLDLLWDDDDWDW
Bayreuth SpVgg,MSV Duisburg,2-1,/match/bayreuth-spvgg/msv-duisburg/1990,1990,27,2_liga,20,38,0,2,1,18,6,5,15,35,48,WDWWWWLWDWDDWWWWWWDLWLWWWW,6,4,3,26,16,6,10,10,6,40,38,LDWLWDWWWWWDDDDDWDWWLWDLDW,2,6,4,14,20,DWWLDDWWWDLLW,LWWWWDDDDLDD
Saarbrücken,SC Freiburg,2-2,/match/saarbrucken/sc-freiburg/1990,1990,27,2_liga,20,38,1,2,2,4,12,9,5,45,20,WDWLWDDLWLLWDWDWDDDWLDWWWL,8,2,2,30,7,17,8,8,10,36,37,LWLWLWLLDWWLDWDDDLDDLLWLLD,4,6,3,19,16,WWWDWLWWDLWW,WLLLDWDDDDDWL
Alemannia Aachen,VfL Osnabrück,1-1,/match/alemannia-aachen/vfl-osnabruck/1990,1990,27,2_liga,20,38,1,1,1,16,9,2,15,42,47,LWLDWWLWLWLWLWWWWWWWWWLWWD,7,0,5,22,16,11,10,4,12,46,51,DDLWLDWWWLLWLWWWWLWWWWWWDL,3,2,8,20,30,LLWLLWWWWWLW,DWLWWLLWWWWWD
Hessen Kassel,Stuttgarter,0-6,/match/hessen-kassel/stuttgarter-kickers/1990,1990,27,2_liga,20,38,2,0,6,20,8,5,13,20,47,DDLLLWLWWWLWDWLLLWWLDLDWWW,3,4,5,12,23,3,14,5,7,44,32,WLLWDWLWWWLLWLDWWWWWWDDWDW,4,3,5,8,15,DLLLWLDLWDDW,WLDLWLLWWWDD
Hertha BSC,Meppen,3-0,/match/hertha-bsc/meppen/1990,1990,27,2_liga,20,38,0,3,0,1,15,6,5,43,30,WDWWWLDDDLWWWLWWDWWLWLDLWW,9,4,0,22,8,8,8,10,8,29,32,DWWDWDWDWWDLDWWLWDDWDWLWWD,1,5,6,8,21,WWWDDWWWDWWDW,DWWWWDDWDDLW
Darmstadt 98,Hannover 96,1-1,/match/darmstadt-98/hannover-96/1990,1990,27,2_liga,20,38,1,1,1,12,7,7,12,31,43,WDWLWWWDWWDWDWWWWDWWWLDWDW,7,4,2,22,12,9,9,7,10,37,29,WWWLWLLDDWWWDWWDDLWWWDWDWW,2,2,8,10,17,DLWWWDDWWWWLD,WWWLDWWDLWWW
Preußen Münster,Schalke 04,2-1,/match/preuben-munster/schalke-04/1990,1990,27,2_liga,20,38,0,2,1,15,7,8,11,26,47,WDWWDDLLWWWLLDLWDWDLDLWWDW,4,5,4,14,18,5,12,6,8,49,34,DLLLWWDLWWLDDWWWWLWWDWWDWW,3,4,5,22,20,DWDLWWLLDDLWD,DLWDWLDWLDWW
Fortuna Köln,Unterhaching,3-2,/match/fortuna-koln/unterhaching/1990,1990,27,2_liga,20,38,0,3,2,10,8,9,9,34,38,WDLLWWWLDWLDLWDWLWDWWDDDWD,6,3,4,20,14,19,4,11,11,27,42,LDDDWDWLDWDDWDWWWWDDWLDWWL,1,4,8,11,27,WLWWDLLDLWWDW,LDWWDDWWWWWDW
Wattenscheid 09,Blau-Weiß 1890 B.,0-0,/match/wattenscheid-09/blau-weiss-1890-berlin/1990,1990,27,2_liga,20,38,1,0,0,2,16,5,5,53,25,WLWLWDWDDLWWLWLWDWWLWWWDWL,10,1,1,30,8,14,7,9,10,32,38,DWLWWWDDDLWWWLDDWDDLLWWDWL,2,5,6,15,24,WWWWDWLWWWWW,DLWDDWWDWDLWW
Braunschweig,RW Essen,1-1,/match/eintracht-brau-hellip/rot-weiss-essen/1990,1990,27,2_liga,20,38,1,1,1,7,13,4,9,41,28,WLWDWWWWWWLWLLLWWWWWDWDDLL,8,2,2,25,11,13,8,8,10,28,32,DWDWLDLWLLWDWDWWWDWWDLWLDW,4,1,8,13,21,WWWWWWLWWDDL,WWDLLWWWWWWLL
MSV Duisburg,Stuttgarter,1-1,/match/msv-duisburg/stuttgarter-kickers/1990,1990,28,2_liga,20,38,1,1,1,6,10,10,7,41,40,LDWLWDWWWWWDDDDDWDWWLWDLDWW,8,4,2,26,18,3,15,5,7,50,32,WLLWDWLWWWLLWLDWWWWWWDDWDWL,5,3,5,14,15,DLDWWWDDWWWWLW,WLDLWLLWWWDDL
Braunschweig,Hessen Kassel,0-4,/match/eintracht-brau-hellip/hessen-kassel/1990,1990,28,2_liga,20,38,2,0,4,7,13,5,9,42,29,WLWDWWWWWWLWLLLWWWWWDWDDLLD,8,3,2,26,12,20,8,5,14,20,53,DDLLLWLWWWLWDWLLLWWLDLDWWWL,5,1,8,8,24,WWWWWWLWWDDLD,DLWWWWWLLWLLWW
Meppen,Preußen Münster,5-1,/match/meppen/preuben-munster/1990,1990,28,2_liga,20,38,0,5,1,8,8,10,9,29,35,DWWDWDWDWWDLDWWLWDDWDWLWWDW,7,5,2,21,11,14,8,8,11,28,48,WDWWDDLLWWWLLDLWDWDLDLWWDWW,3,3,7,12,29,WDDDWLWLWDWWWD,WWDLWLDWWDLWW
Schalke 04,Darmstadt 98,3-0,/match/schalke-04/darmstadt-98/1990,1990,28,2_liga,20,38,0,3,0,5,12,6,9,50,36,DLLLWWDLWWLDDWWWWLWWDWWDWWW,9,2,3,27,14,11,7,8,12,32,44,WDWLWWWDWWDWDWWWWDWWWLDWDWD,0,3,10,9,31,LLWLWDWWWWWWDW,WWWDWWWWDWDWW
Hannover 96,Bayreuth SpVgg,1-1,/match/hannover-96/bayreuth-spvgg/1990,1990,28,2_liga,20,38,1,1,1,9,9,8,10,38,30,WWWLWLLDDWWWDWWDDLWWWDWDWWD,7,5,2,27,12,16,7,5,15,37,49,WDWWWWLWDWDDWWWWWWDLWLWWWWW,0,1,12,9,32,WLLDWWDWDWWDDW,WWWWWDWWWWWWW
RW Essen,Alemannia Aachen,3-1,/match/rot-weiss-essen/alemannia-aachen/1990,1990,28,2_liga,20,38,0,3,1,13,8,9,10,29,33,DWDWLDLWLLWDWDWWWDWWDLWLDWD,4,7,2,15,11,17,9,3,15,43,48,LWLDWWLWLWLWLWWWWWWWWWLWWDD,2,2,10,20,31,DDLWLDDWDDWDW,WDWWWLLWWWWWWD
SC Freiburg,Wattenscheid 09,2-0,/match/sc-freiburg/wattenscheid-09/1990,1990,28,2_liga,20,38,0,2,0,18,8,9,10,38,39,LWLWLWLLDWWLDWDDDLDDLLWLLDD,4,2,7,17,21,2,16,6,5,53,25,WLWLWDWDDLWWLWLWDWWLWWWDWLD,6,4,4,23,17,LWWLWLWDLLLLD,LLDDLWWLDWLWDL
Blau-Weiß 1890 B.,Fortuna Köln,2-0,/match/blau-weiss-1890-berlin/fortuna-koln/1990,1990,28,2_liga,20,38,0,2,0,15,7,10,10,32,38,DWLWWWDDDLWWWLDDWDDLLWWDWLD,5,4,4,17,14,10,9,9,9,37,40,WDLLWWWLDWLDLWDWLWDWWDDDWDW,2,6,5,14,24,WWWDLWLDDLWDL,DLWLWDWWDWDDD
VfL Osnabrück,Saarbrücken,1-1,/match/vfl-osnabruck/saarbrucken/1990,1990,28,2_liga,20,38,1,1,1,12,10,5,12,47,52,DDLWLDWWWLLWLWWWWLWWWWWWDLD,7,2,4,26,21,4,12,10,5,47,22,WDWLWDDLWLLWDWDWDDDWLDWWWLD,4,7,3,15,13,DLDWLWWWLWWWL,DLDLLWDDDDWDWL
Unterhaching,Hertha BSC,0-1,/match/unterhaching/hertha-bsc/1990,1990,28,2_liga,20,38,2,0,1,19,4,11,12,29,45,LDDDWDWLDWDDWDWWWWDDWLDWWLW,3,7,3,16,15,1,16,6,5,46,30,WDWWWLDDDLWWWLWWDWWLWLDLWWW,6,2,5,21,22,DDDLWDDWDDLWL,DWLDLWLWWLLLW
Saarbrücken,RW Essen,2-3,/match/saarbrucken/rot-weiss-essen/1990,1990,29,2_liga,20,38,2,2,3,4,12,11,5,48,23,WDWLWDDLWLLWDWDWDDDWLDWWWLDD,8,3,2,32,9,11,9,9,10,32,34,DWDWLDLWLLWDWDWWWDWWDLWLDWDW,4,2,8,14,22,WWWDWLWWDLWWD,WWDLLWWWWWWLLD
Alemannia Aachen,Braunschweig,2-0,/match/alemannia-aachen/eintracht-brau-hellip/1990,1990,29,2_liga,20,38,0,2,0,18,9,3,16,44,51,LWLDWWLWLWLWLWWWWWWWWWLWWDDW,7,1,5,23,17,7,13,5,10,42,33,WLWDWWWWWWLWLLLWWWWWDWDDLLDL,5,2,7,16,17,LLWLLWWWWWLWD,LDWWWLLLWWWWDL
Hertha BSC,Blau-Weiß 1890 B.,3-0,/match/hertha-bsc/blau-weiss-1890-berlin/1990,1990,29,2_liga,20,38,0,3,0,1,17,6,5,47,30,WDWWWLDDDLWWWLWWDWWLWLDLWWWL,10,4,0,25,8,13,8,10,10,34,38,DWLWWWDDDLWWWLDDWDDLLWWDWLDW,2,6,6,15,24,WWWDDWWWDWWDWW,DLWDDWWDWDLWWD
Darmstadt 98,Meppen,3-3,/match/darmstadt-98/meppen/1990,1990,29,2_liga,20,38,1,3,3,14,7,8,13,32,47,WDWLWWWDWWDWDWWWWDWWWLDWDWDW,7,5,2,23,13,8,9,10,9,34,36,DWWDWDWDWWDLDWWLWDDWDWLWWDWW,1,5,7,8,24,DLWWWDDWWWWLDD,DWWWWDDWDDLWW
Fortuna Köln,SC Freiburg,1-1,/match/fortuna-koln/sc-freiburg/1990,1990,29,2_liga,20,38,1,1,1,10,9,9,10,37,42,WDLLWWWLDWLDLWDWLWDWWDDDWDWW,7,3,4,23,16,16,9,9,10,40,39,LWLWLWLLDWWLDWDDDLDDLLWLLDDW,4,7,3,21,18,WLWWDLLDLWWDWW,WLLLDWDDDDDWLD
Preußen Münster,Unterhaching,2-2,/match/preuben-munster/unterhaching/1990,1990,29,2_liga,20,38,1,2,2,15,8,8,12,29,53,WDWWDDLLWWWLLDLWDWDLDLWWDWWW,5,5,4,16,19,20,4,11,13,29,46,LDDDWDWLDWDDWDWWWWDDWLDWWLWL,1,4,9,13,30,DWDLWWLLDDLWDW,LDWWDDWWWWWDWW
Hessen Kassel,MSV Duisburg,2-1,/match/hessen-kassel/msv-duisburg/1990,1990,29,2_liga,20,38,0,2,1,19,9,5,14,24,53,DDLLLWLWWWLWDWLLLWWLDLDWWWLL,3,4,6,12,29,6,10,11,7,42,41,LDWLWDWWWWWDDDDDWDWWLWDLDWWD,2,6,5,15,22,DLLLWLDLWDDWL,LWWWWDDDDLDDW
Stuttgarter,Hannover 96,3-2,/match/stuttgarter-kickers/hannover-96/1990,1990,29,2_liga,20,38,0,3,2,3,15,6,7,51,33,WLLWDWLWWWLLWLDWWWWWWDDWDWLD,10,2,2,36,17,9,9,9,10,39,31,WWWLWLLDDWWWDWWDDLWWWDWDWWDD,2,3,8,11,18,LWWWWLWDWWWDWW,WWWLDWWDLWWWD
Bayreuth SpVgg,Schalke 04,1-1,/match/bayreuth-spvgg/schalke-04/1990,1990,29,2_liga,20,38,1,1,1,17,7,6,15,38,50,WDWWWWLWDWDDWWWWWWDLWLWWWWWD,7,4,3,28,17,5,13,6,9,53,36,DLLLWWDLWWLDDWWWWLWWDWWDWWWW,3,4,6,23,22,DWWLDDWWWDLLWW,DLWDWLDWLDWWW
Wattenscheid 09,VfL Osnabrück,1-1,/match/wattenscheid-09/vfl-osnabruck/1990,1990,29,2_liga,20,38,1,1,1,2,16,6,6,53,27,WLWLWDWDDLWWLWLWDWWLWWWDWLDW,10,2,1,30,8,12,10,6,12,48,53,DDLWLDWWWLLWLWWWWLWWWWWWDLDD,3,3,8,21,31,WWWWDWLWWWWWD,DWLWWLLWWWWWDD
Meppen,Bayreuth SpVgg,1-1,/match/meppen/bayreuth-spvgg/1990,1990,30,2_liga,20,38,1,1,1,8,9,11,9,37,39,DWWDWDWDWWDLDWWLWDDWDWLWWDWWD,8,5,2,26,12,17,7,7,15,39,51,WDWWWWLWDWDDWWWWWWDLWLWWWWWDD,0,2,12,10,33,WDDDWLWLWDWWWDW,WWWWWDWWWWWWWD
Blau-Weiß 1890 B.,Preußen Münster,2-1,/match/blau-weiss-1890-berlin/preuben-munster/1990,1990,30,2_liga,20,38,0,2,1,14,8,10,11,34,41,DWLWWWDDDLWWWLDDWDDLLWWDWLDWW,6,4,4,19,14,15,8,9,12,31,55,WDWWDDLLWWWLLDLWDWDLDLWWDWWWD,3,3,8,13,34,WWWDLWLDDLWDLW,WWDLWLDWWDLWWW
Braunschweig,Saarbrücken,0-0,/match/eintracht-brau-hellip/saarbrucken/1990,1990,30,2_liga,20,38,1,0,0,7,13,5,11,42,35,WLWDWWWWWWLWLLLWWWWWDWDDLLDLW,8,3,3,26,16,5,12,11,6,50,26,WDWLWDDLWLLWDWDWDDDWLDWWWLDDL,4,8,3,16,14,WWWWWWLWWDDLDL,DLDLLWDDDDWDWLD
SC Freiburg,Hertha BSC,0-2,/match/sc-freiburg/hertha-bsc/1990,1990,30,2_liga,20,38,2,0,2,16,9,10,10,41,40,LWLWLWLLDWWLDWDDDLDDLLWLLDDWD,5,2,7,19,21,1,18,6,5,50,30,WDWWWLDDDLWWWLWWDWWLWLDLWWWLW,7,2,5,22,22,LWWLWLWDLLLLDW,DWLDLWLWWLLLWL
Unterhaching,Darmstadt 98,1-0,/match/unterhaching/darmstadt-98/1990,1990,30,2_liga,20,38,0,1,0,20,4,12,13,31,48,LDDDWDWLDWDDWDWWWWDDWLDWWLWLD,3,7,4,16,16,13,7,9,13,35,50,WDWLWWWDWWDWDWWWWDWWWLDWDWDWD,0,3,11,9,34,DDDLWDDWDDLWLL,WWWDWWWWDWDWWW
Schalke 04,Stuttgarter,2-0,/match/schalke-04/stuttgarter-kickers/1990,1990,30,2_liga,20,38,0,2,0,4,13,7,9,54,37,DLLLWWDLWWLDDWWWWLWWDWWDWWWWD,10,2,3,30,14,3,16,6,7,54,35,WLLWDWLWWWLLWLDWWWWWWDDWDWLDW,5,4,5,15,16,LLWLWDWWWWWWDWW,WLDLWLLWWWDDLD
Hannover 96,MSV Duisburg,2-2,/match/hannover-96/msv-duisburg/1990,1990,30,2_liga,20,38,1,2,2,9,9,9,11,41,34,WWWLWLLDDWWWDWWDDLWWWDWDWWDDW,7,6,2,28,13,6,10,11,8,43,43,LDWLWDWWWWWDDDDDWDWWLWDLDWWDW,2,6,6,16,24,WLLDWWDWDWWDDWD,LWWWWDDDDLDDWW
RW Essen,Wattenscheid 09,0-2,/match/rot-weiss-essen/wattenscheid-09/1990,1990,30,2_liga,20,38,2,0,2,10,10,9,10,35,36,DWDWLDLWLLWDWDWWWDWWDLWLDWDWL,5,7,2,18,12,2,16,7,6,54,28,WLWLWDWDDLWWLWLWDWWLWWWDWLDWD,6,4,5,23,19,DDLWLDDWDDWDWW,LLDDLWWLDWLWDLW
VfL Osnabrück,Fortuna Köln,2-2,/match/vfl-osnabruck/fortuna-koln/1990,1990,30,2_liga,20,38,1,2,2,12,10,7,12,49,54,DDLWLDWWWLLWLWWWWLWWWWWWDLDDD,7,3,4,27,22,11,9,10,10,38,43,WDLLWWWLDWLDLWDWLWDWWDDDWDWWD,2,6,6,14,26,DLDWLWWWLWWWLD,DLWLWDWWDWDDDW
Alemannia Aachen,Hessen Kassel,2-2,/match/alemannia-aachen/hessen-kassel/1990,1990,30,2_liga,20,38,1,2,2,18,10,3,16,46,51,LWLDWWLWLWLWLWWWWWWWWWLWWDDWW,8,1,5,25,17,19,10,5,14,26,54,DDLLLWLWWWLWDWLLLWWLDLDWWWLLW,6,1,8,12,24,LLWLLWWWWWLWDW,DLWWWWWLLWLLWWL
Wattenscheid 09,Braunschweig,3-1,/match/wattenscheid-09/eintracht-brau-hellip/1990,1990,31,2_liga,20,38,0,3,1,2,17,7,6,56,28,WLWLWDWDDLWWLWLWDWWLWWWDWLDWDL,10,3,1,31,9,7,13,6,11,42,35,WLWDWWWWWWLWLLLWWWWWDWDDLLDLWD,5,2,8,16,19,WWWWDWLWWWWWDD,LDWWWLLLWWWWDLW
Preußen Münster,SC Freiburg,0-0,/match/preuben-munster/sc-freiburg/1990,1990,31,2_liga,20,38,1,0,0,16,8,9,13,32,57,WDWWDDLLWWWLLDLWDWDLDLWWDWWWDW,5,6,4,18,21,18,9,10,11,41,42,LWLWLWLLDWWLDWDDDLDDLLWLLDDWDL,4,8,3,22,19,DWDLWWLLDDLWDWD,WLLLDWDDDDDWLDD
Hertha BSC,VfL Osnabrück,3-0,/match/hertha-bsc/vfl-osnabruck/1990,1990,31,2_liga,20,38,0,3,0,1,19,6,5,52,30,WDWWWLDDDLWWWLWWDWWLWLDLWWWLWL,11,4,0,28,8,12,10,8,12,51,56,DDLWLDWWWLLWLWWWWLWWWWWWDLDDDD,3,4,8,22,32,WWWDDWWWDWWDWWW,DWLWWLLWWWWWDDD
Fortuna Köln,RW Essen,1-1,/match/fortuna-koln/rot-weiss-essen/1990,1990,31,2_liga,20,38,1,1,1,10,9,11,10,40,45,WDLLWWWLDWLDLWDWLWDWWDDDWDWWDD,7,4,4,24,17,11,10,9,11,35,38,DWDWLDLWLLWDWDWWWDWWDLWLDWDWLL,5,2,8,17,24,WLWWDLLDLWWDWWD,WWDLLWWWWWWLLDL
Saarbrücken,Alemannia Aachen,0-0,/match/saarbrucken/alemannia-aachen/1990,1990,31,2_liga,20,38,1,0,0,5,12,12,6,50,26,WDWLWDDLWLLWDWDWDDDWLDWWWLDDLD,8,3,3,34,12,15,10,4,16,48,53,LWLDWWLWLWLWLWWWWWWWWWLWWDDWWD,2,2,11,21,34,WWWDWLWWDLWWDL,WDWWWLLWWWWWWDW
Hessen Kassel,Hannover 96,0-1,/match/hessen-kassel/hannover-96/1990,1990,31,2_liga,20,38,2,0,1,19,10,6,14,28,56,DDLLLWLWWWLWDWLLLWWLDLDWWWLLWD,4,4,6,14,30,9,9,10,11,43,36,WWWLWLLDDWWWDWWDDLWWWDWDWWDDWD,2,3,9,13,21,DLLLWLDLWDDWLW,WWWLDWWDLWWWDW
MSV Duisburg,Schalke 04,1-3,/match/msv-duisburg/schalke-04/1990,1990,31,2_liga,20,38,2,1,3,6,10,12,8,45,45,LDWLWDWWWWWDDDDDWDWWLWDLDWWDWD,8,5,2,27,19,4,14,7,9,56,37,DLLLWWDLWWLDDWWWWLWWDWWDWWWWDW,3,5,6,24,23,DLDWWWDDWWWWLWD,DLWDWLDWLDWWWD
Darmstadt 98,Blau-Weiß 1890 B.,3-0,/match/darmstadt-98/blau-weiss-1890-berlin/1990,1990,31,2_liga,20,38,0,3,0,14,7,9,14,35,51,WDWLWWWDWWDWDWWWWDWWWLDWDWDWDW,7,6,2,26,16,13,9,10,11,36,42,DWLWWWDDDLWWWLDDWDDLLWWDWLDWWW,2,6,7,15,27,DLWWWDDWWWWLDDD,DLWDDWWDWDLWWDW
Stuttgarter,Meppen,5-1,/match/stuttgarter-kickers/meppen/1990,1990,31,2_liga,20,38,0,5,1,3,16,6,8,54,37,WLLWDWLWWWLLWLDWWWWWWDDWDWLDWW,11,2,2,39,19,8,9,12,9,38,40,DWWDWDWDWWDLDWWLWDDWDWLWWDWWDD,1,6,7,11,27,LWWWWLWDWWWDWWW,DWWWWDDWDDLWWD
Bayreuth SpVgg,Unterhaching,3-1,/match/bayreuth-spvgg/unterhaching/1990,1990,31,2_liga,20,38,0,3,1,17,7,8,15,40,52,WDWWWWLWDWDDWWWWWWDLWLWWWWWDDD,7,5,3,29,18,20,5,12,13,32,48,LDDDWDWLDWDDWDWWWWDDWLDWWLWLDW,1,5,9,15,32,DWWLDDWWWDLLWWD,LDWWDDWWWWWDWWD
Unterhaching,Stuttgarter,3-1,/match/unterhaching/stuttgarter-kickers/1990,1990,32,2_liga,20,38,0,3,1,20,5,12,14,33,51,LDDDWDWLDWDDWDWWWWDDWLDWWLWLDWW,4,7,4,17,16,3,17,6,8,59,38,WLLWDWLWWWLLWLDWWWWWWDDWDWLDWWW,5,4,6,15,18,DDDLWDDWDDLWLLW,WLDLWLLWWWDDLDW
Saarbrücken,Hessen Kassel,3-1,/match/saarbrucken/hessen-kassel/1990,1990,32,2_liga,20,38,0,3,1,5,12,13,6,50,26,WDWLWDDLWLLWDWDWDDDWLDWWWLDDLDD,8,4,3,34,12,19,10,6,15,28,57,DDLLLWLWWWLWDWLLLWWLDLDWWWLLWDL,6,2,8,14,26,WWWDWLWWDLWWDLD,DLWWWWWLLWLLWWLD
VfL Osnabrück,Preußen Münster,1-2,/match/vfl-osnabruck/preuben-munster/1990,1990,32,2_liga,20,38,2,1,2,14,10,8,13,51,59,DDLWLDWWWLLWLWWWWLWWWWWWDLDDDDW,7,4,4,29,24,17,8,10,13,32,57,WDWWDDLLWWWLLDLWDWDLDLWWDWWWDWD,3,3,9,14,36,DLDWLWWWLWWWLDD,WWDLWLDWWDLWWWW
SC Freiburg,Darmstadt 98,1-2,/match/sc-freiburg/darmstadt-98/1990,1990,32,2_liga,20,38,2,1,2,18,9,11,11,41,42,LWLWLWLLDWWLDWDDDLDDLLWLLDDWDLD,5,2,8,19,23,11,8,9,14,38,51,WDWLWWWDWWDWDWWWWDWWWLDWDWDWDWW,0,3,12,9,35,LWWLWLWDLLLLDWL,WWWDWWWWDWDWWWW
Blau-Weiß 1890 B.,Bayreuth SpVgg,1-0,/match/blau-weiss-1890-berlin/bayreuth-spvgg/1990,1990,32,2_liga,20,38,0,1,0,13,9,10,12,36,45,DWLWWWDDDLWWWLDDWDDLLWWDWLDWWWW,7,4,4,21,15,15,8,8,15,43,53,WDWWWWLWDWDDWWWWWWDLWLWWWWWDDDW,0,3,12,11,34,WWWDLWLDDLWDLWW,WWWWWDWWWWWWWDD
Schalke 04,Hannover 96,1-1,/match/schalke-04/hannover-96/1990,1990,32,2_liga,20,38,1,1,1,4,15,7,9,59,38,DLLLWWDLWWLDDWWWWLWWDWWDWWWWDWL,11,2,3,32,14,9,10,10,11,44,36,WWWLWLLDDWWWDWWDDLWWWDWDWWDDWDL,3,3,9,14,21,LLWLWDWWWWWWDWWW,WWWLDWWDLWWWDWL
Alemannia Aachen,Wattenscheid 09,1-3,/match/alemannia-aachen/wattenscheid-09/1990,1990,32,2_liga,20,38,2,1,3,16,10,5,16,48,53,LWLDWWLWLWLWLWWWWWWWWWLWWDDWWDD,8,2,5,27,19,2,18,7,6,59,29,WLWLWDWDDLWWLWLWDWWLWWWDWLDWDLW,7,4,5,25,19,LLWLLWWWWWLWDWD,LLDDLWWLDWLWDLWL
Braunschweig,Fortuna Köln,2-2,/match/eintracht-brau-hellip/fortuna-koln/1990,1990,32,2_liga,20,38,1,2,2,7,13,6,12,43,38,WLWDWWWWWWLWLLLWWWWWDWDDLLDLWDW,8,4,3,26,16,10,9,12,10,41,46,WDLLWWWLDWLDLWDWLWDWWDDDWDWWDDD,2,7,6,16,28,WWWWWWLWWDDLDLD,DLWLWDWWDWDDDWD
RW Essen,Hertha BSC,0-0,/match/rot-weiss-essen/hertha-bsc/1990,1990,32,2_liga,20,38,1,0,0,12,10,10,11,36,39,DWDWLDLWLLWDWDWWWDWWDLWLDWDWLLD,5,7,3,18,14,1,20,6,5,55,30,WDWWWLDDDLWWWLWWDWWLWLDLWWWLWLW,8,2,5,24,22,DDLWLDDWDDWDWWL,DWLDLWLWWLLLWLL
Meppen,MSV Duisburg,0-0,/match/meppen/msv-duisburg/1990,1990,32,2_liga,20,38,1,0,0,8,9,12,10,39,45,DWWDWDWDWWDLDWWLWDDWDWLWWDWWDDW,8,6,2,27,13,6,10,12,9,46,48,LDWLWDWWWWWDDDDDWDWWLWDLDWWDWDL,2,7,6,18,26,WDDDWLWLWDWWWDWD,LWWWWDDDDLDDWWD
Wattenscheid 09,Saarbrücken,0-2,/match/wattenscheid-09/saarbrucken/1990,1990,33,2_liga,20,38,2,0,2,2,19,7,6,62,30,WLWLWDWDDLWWLWLWDWWLWWWDWLDWDLWL,11,3,1,34,10,5,13,13,6,53,27,WDWLWDDLWLLWDWDWDDDWLDWWWLDDLDDW,4,9,3,16,14,WWWWDWLWWWWWDDW,DLDLLWDDDDWDWLDD
Bayreuth SpVgg,SC Freiburg,3-1,/match/bayreuth-spvgg/sc-freiburg/1990,1990,33,2_liga,20,38,0,3,1,15,8,8,16,43,54,WDWWWWLWDWDDWWWWWWDLWLWWWWWDDDWW,8,5,3,32,19,18,9,11,12,42,44,LWLWLWLLDWWLDWDDDLDDLLWLLDDWDLDL,4,9,3,22,19,DWWLDDWWWDLLWWDW,WLLLDWDDDDDWLDDD
Darmstadt 98,VfL Osnabrück,1-0,/match/darmstadt-98/vfl-osnabruck/1990,1990,33,2_liga,20,38,0,1,0,12,9,9,14,40,52,WDWLWWWDWWDWDWWWWDWWWLDWDWDWDWWL,8,6,2,29,16,14,10,8,14,52,61,DDLWLDWWWLLWLWWWWLWWWWWWDLDDDDWL,3,4,9,22,35,DLWWWDDWWWWLDDDW,DWLWWLLWWWWWDDDW
Preußen Münster,RW Essen,1-3,/match/preuben-munster/rot-weiss-essen/1990,1990,33,2_liga,20,38,2,1,3,16,9,10,13,34,58,WDWWDDLLWWWLLDLWDWDLDLWWDWWWDWDL,5,7,4,18,21,13,10,11,11,36,39,DWDWLDLWLLWDWDWWWDWWDLWLDWDWLLDD,5,3,8,18,25,DWDLWWLLDDLWDWDD,WWDLLWWWWWWLLDLD
Fortuna Köln,Alemannia Aachen,0-0,/match/fortuna-koln/alemannia-aachen/1990,1990,33,2_liga,20,38,1,0,0,11,9,13,10,43,48,WDLLWWWLDWLDLWDWLWDWWDDDWDWWDDDD,7,5,4,25,18,17,10,5,17,49,56,LWLDWWLWLWLWLWWWWWWWWWLWWDDWWDDL,2,3,11,21,34,WLWWDLLDLWWDWWDD,WDWWWLLWWWWWWDWD
Hannover 96,Meppen,1-0,/match/hannover-96/meppen/1990,1990,33,2_liga,20,38,0,1,0,9,10,11,11,45,37,WWWLWLLDDWWWDWWDDLWWWDWDWWDDWDLD,7,7,2,30,15,8,9,13,10,39,45,DWWDWDWDWWDLDWWLWDDWDWLWWDWWDDWD,1,6,8,12,32,WLLDWWDWDWWDDWDD,DWWWWDDWDDLWWDW
Hessen Kassel,Schalke 04,2-0,/match/hessen-kassel/schalke-04/1990,1990,33,2_liga,20,38,0,2,0,20,10,6,16,29,60,DDLLLWLWWWLWDWLLLWWLDLDWWWLLWDLW,4,4,7,14,31,4,15,8,9,60,39,DLLLWWDLWWLDDWWWWLWWDWWDWWWWDWLD,4,5,6,27,24,DLLLWLDLWDDWLWL,DLWDWLDWLDWWWDL
MSV Duisburg,Unterhaching,0-0,/match/msv-duisburg/unterhaching/1990,1990,33,2_liga,20,38,1,0,0,6,10,13,9,46,48,LDWLWDWWWWWDDDDDWDWWLWDLDWWDWDLD,8,5,3,28,22,19,6,12,14,36,52,LDDDWDWLDWDDWDWWWWDDWLDWWLWLDWWW,1,5,10,16,35,DLDWWWDDWWWWLWDL,LDWWDDWWWWWDWWDW
Stuttgarter,Blau-Weiß 1890 B.,1-1,/match/stuttgarter-kickers/blau-weiss-1890-berlin/1990,1990,33,2_liga,20,38,1,1,1,3,17,6,9,60,41,WLLWDWLWWWLLWLDWWWWWWDDWDWLDWWWW,12,2,2,44,20,10,10,10,12,37,45,DWLWWWDDDLWWWLDDWDDLLWWDWLDWWWWW,2,6,8,15,30,LWWWWLWDWWWDWWWW,DLWDDWWDWDLWWDWW
Hertha BSC,Braunschweig,1-1,/match/hertha-bsc/eintracht-brau-hellip/1990,1990,33,2_liga,20,38,1,1,1,1,20,7,5,55,30,WDWWWLDDDLWWWLWWDWWLWLDLWWWLWLWD,12,4,0,31,8,7,13,7,12,45,40,WLWDWWWWWWLWLLLWWWWWDWDDLLDLWDWD,5,2,9,17,22,WWWDDWWWDWWDWWWW,LDWWWLLLWWWWDLWW
SC Freiburg,Stuttgarter,2-0,/match/sc-freiburg/stuttgarter-kickers/1990,1990,34,2_liga,20,38,0,2,0,20,9,11,13,43,47,LWLWLWLLDWWLDWDDDLDDLLWLLDDWDLDLW,5,2,9,20,25,3,17,7,9,61,42,WLLWDWLWWWLLWLDWWWWWWDDWDWLDWWWWD,5,4,7,16,21,LWWLWLWDLLLLDWLL,WLDLWLLWWWDDLDWW
Braunschweig,Preußen Münster,1-2,/match/eintracht-brau-hellip/preuben-munster/1990,1990,34,2_liga,20,38,2,1,2,8,13,8,12,46,41,WLWDWWWWWWLWLLLWWWWWDWDDLLDLWDWDD,8,5,3,28,18,16,9,10,14,35,61,WDWWDDLLWWWLLDLWDWDLDLWWDWWWDWDLL,4,3,9,16,37,WWWWWWLWWDDLDLDD,WWDLWLDWWDLWWWWL
RW Essen,Darmstadt 98,1-0,/match/rot-weiss-essen/darmstadt-98/1990,1990,34,2_liga,20,38,0,1,0,13,11,11,11,39,40,DWDWLDLWLLWDWDWWWDWWDLWLDWDWLLDDL,5,8,3,18,14,10,10,9,14,41,52,WDWLWWWDWWDWDWWWWDWWWLDWDWDWDWWLW,1,3,12,11,36,DDLWLDDWDDWDWWLD,WWWDWWWWDWDWWWWL
VfL Osnabrück,Bayreuth SpVgg,0-3,/match/vfl-osnabruck/bayreuth-spvgg/1990,1990,34,2_liga,20,38,2,0,3,15,10,8,15,52,62,DDLWLDWWWLLWLWWWWLWWWWWWDLDDDDWLW,7,4,5,30,26,14,9,8,16,46,55,WDWWWWLWDWDDWWWWWWDLWLWWWWWDDDWWW,0,3,13,11,35,DLDWLWWWLWWWLDDL,WWWWWDWWWWWWWDDW
Blau-Weiß 1890 B.,MSV Duisburg,3-0,/match/blau-weiss-1890-berlin/msv-duisburg/1990,1990,34,2_liga,20,38,0,3,0,12,10,11,12,38,46,DWLWWWDDDLWWWLDDWDDLLWWDWLDWWWWWD,8,4,4,22,15,6,10,14,9,46,48,LDWLWDWWWWWDDDDDWDWWLWDLDWWDWDLDD,2,8,6,18,26,WWWDLWLDDLWDLWWW,LWWWWDDDDLDDWWDD
Unterhaching,Hannover 96,0-0,/match/unterhaching/hannover-96/1990,1990,34,2_liga,20,38,1,0,0,18,6,13,14,36,52,LDDDWDWLDWDDWDWWWWDDWLDWWLWLDWWWD,5,7,4,20,17,7,11,11,11,46,37,WWWLWLLDDWWWDWWDDLWWWDWDWWDDWDLDW,3,4,9,15,22,DDDLWDDWDDLWLLWW,WWWLDWWDLWWWDWLD
Meppen,Schalke 04,2-2,/match/meppen/schalke-04/1990,1990,34,2_liga,20,38,1,2,2,9,9,13,11,39,46,DWWDWDWDWWDLDWWLWDDWDWLWWDWWDDWDW,8,7,2,27,13,4,15,8,10,60,41,DLLLWWDLWWLDDWWWWLWWDWWDWWWWDWLDW,4,5,7,27,26,WDDDWLWLWDWWWDWDD,DLWDWLDWLDWWWDLW
Alemannia Aachen,Hertha BSC,1-1,/match/alemannia-aachen/hertha-bsc/1990,1990,34,2_liga,20,38,1,1,1,17,10,6,17,49,56,LWLDWWLWLWLWLWWWWWWWWWLWWDDWWDDLD,8,2,6,28,22,1,20,8,5,56,31,WDWWWLDDDLWWWLWWDWWLWLDLWWWLWLWDD,8,3,5,24,22,LLWLLWWWWWLWDWDL,DWLDLWLWWLLLWLLD
Wattenscheid 09,Hessen Kassel,2-0,/match/wattenscheid-09/hessen-kassel/1990,1990,34,2_liga,20,38,0,2,0,2,19,7,7,62,32,WLWLWDWDDLWWLWLWDWWLWWWDWLDWDLWLL,11,3,2,34,12,19,11,6,16,31,60,DDLLLWLWWWLWDWLLLWWLDLDWWWLLWDLWW,6,2,9,15,29,WWWWDWLWWWWWDDWL,DLWWWWWLLWLLWWLDW
Saarbrücken,Fortuna Köln,2-2,/match/saarbrucken/fortuna-koln/1990,1990,34,2_liga,20,38,1,2,2,5,14,13,6,55,27,WDWLWDDLWLLWDWDWDDDWLDWWWLDDLDDWL,9,4,3,37,13,11,9,14,10,43,48,WDLLWWWLDWLDLWDWLWDWWDDDWDWWDDDDD,2,8,6,18,30,WWWDWLWWDLWWDLDW,DLWLWDWWDWDDDWDD
Hertha BSC,Saarbrücken,4-0,/match/hertha-bsc/saarbrucken/1990,1990,35,2_liga,20,38,0,4,0,1,20,9,5,57,32,WDWWWLDDDLWWWLWWDWWLWLDLWWWLWLWDDD,12,5,0,32,9,4,14,14,6,57,29,WDWLWDDLWLLWDWDWDDDWLDWWWLDDLDDWLD,5,9,3,18,14,WWWDDWWWDWWDWWWWD,DLDLLWDDDDWDWLDDL
Darmstadt 98,Braunschweig,2-2,/match/darmstadt-98/eintracht-brau-hellip/1990,1990,35,2_liga,20,38,1,2,2,13,10,9,15,41,53,WDWLWWWDWWDWDWWWWDWWWLDWDWDWDWWLWW,9,6,2,30,16,10,13,8,13,47,43,WLWDWWWWWWLWLLLWWWWWDWDDLLDLWDWDDL,5,3,9,18,23,DLWWWDDWWWWLDDDWW,LDWWWLLLWWWWDLWWD
MSV Duisburg,SC Freiburg,1-0,/match/msv-duisburg/sc-freiburg/1990,1990,35,2_liga,20,38,0,1,0,7,10,14,10,46,51,LDWLWDWWWWWDDDDDWDWWLWDLDWWDWDLDDW,8,6,3,28,22,18,10,11,13,45,47,LWLWLWLLDWWLDWDDDLDDLLWLLDDWDLDLWW,4,9,4,23,22,DLDWWWDDWWWWLWDLD,WLLLDWDDDDDWLDDDW
Hessen Kassel,Meppen,1-1,/match/hessen-kassel/meppen/1990,1990,35,2_liga,20,38,1,1,1,20,11,6,17,31,62,DDLLLWLWWWLWDWLLLWWLDLDWWWLLWDLWWW,5,4,7,16,31,8,9,14,11,41,48,DWWDWDWDWWDLDWWLWDDWDWLWWDWWDDWDWD,1,6,9,12,33,DLLLWLDLWDDWLWLW,DWWWWDDWDDLWWDWW
Stuttgarter,VfL Osnabrück,2-1,/match/stuttgarter-kickers/vfl-osnabruck/1990,1990,35,2_liga,20,38,0,2,1,3,17,7,10,61,44,WLLWDWLWWWLLWLDWWWWWWDDWDWLDWWWWDW,12,3,2,45,21,16,10,8,16,52,65,DDLWLDWWWLLWLWWWWLWWWWWWDLDDDDWLWL,3,4,10,22,36,LWWWWLWDWWWDWWWWD,DWLWWLLWWWWWDDDWW
Bayreuth SpVgg,RW Essen,1-2,/match/bayreuth-spvgg/rot-weiss-essen/1990,1990,35,2_liga,20,38,2,1,2,14,10,8,16,49,55,WDWWWWLWDWDDWWWWWWDLWLWWWWWDDDWWWL,9,5,3,35,20,11,12,11,11,40,40,DWDWLDLWLLWDWDWWWDWWDLWLDWDWLLDDLW,6,3,8,21,26,DWWLDDWWWDLLWWDWW,WWDLLWWWWWWLLDLDL
Fortuna Köln,Wattenscheid 09,1-1,/match/fortuna-koln/wattenscheid-09/1990,1990,35,2_liga,20,38,1,1,1,12,9,15,10,45,50,WDLLWWWLDWLDLWDWLWDWWDDDWDWWDDDDDD,7,6,4,25,18,2,20,7,7,64,32,WLWLWDWDDLWWLWLWDWWLWWWDWLDWDLWLLW,8,4,5,28,20,WLWWDLLDLWWDWWDDD,LLDDLWWLDWLWDLWLL
Hannover 96,Blau-Weiß 1890 B.,2-0,/match/hannover-96/blau-weiss-1890-berlin/1990,1990,35,2_liga,20,38,0,2,0,6,11,12,11,46,37,WWWLWLLDDWWWDWWDDLWWWDWDWWDDWDLDWD,8,7,2,31,15,9,11,11,12,41,46,DWLWWWDDDLWWWLDDWDDLLWWDWLDWWWWWDW,2,7,8,16,31,WLLDWWDWDWWDDWDDW,DLWDDWWDWDLWWDWWD
Schalke 04,Unterhaching,3-3,/match/schalke-04/unterhaching/1990,1990,35,2_liga,20,38,1,3,3,5,15,9,10,62,43,DLLLWWDLWWLDDWWWWLWWDWWDWWWWDWLDWD,11,3,3,33,15,19,6,14,14,36,52,LDDDWDWLDWDDWDWWWWDDWLDWWLWLDWWWDD,1,6,10,16,35,LLWLWDWWWWWWDWWWD,LDWWDDWWWWWDWWDWD
Preußen Münster,Alemannia Aachen,2-0,/match/preuben-munster/alemannia-aachen/1990,1990,35,2_liga,20,38,0,2,0,15,10,10,14,37,62,WDWWDDLLWWWLLDLWDWDLDLWWDWWWDWDLLL,5,7,5,19,24,17,10,7,17,50,57,LWLDWWLWLWLWLWWWWWWWWWLWWDDWWDDLDD,2,4,11,21,34,DWDLWWLLDDLWDWDDL,WDWWWLLWWWWWWDWDD
VfL Osnabrück,MSV Duisburg,1-0,/match/vfl-osnabruck/msv-duisburg/1990,1990,36,2_liga,20,38,0,1,0,16,10,8,17,53,67,DDLWLDWWWLLWLWWWWLWWWWWWDLDDDDWLWLW,7,4,6,30,29,7,11,14,10,47,51,LDWLWDWWWWWDDDDDWDWWLWDLDWWDWDLDDWW,2,8,7,18,29,DLDWLWWWLWWWLDDLL,LWWWWDDDDLDDWWDDW
Unterhaching,Meppen,1-3,/match/unterhaching/meppen/1990,1990,36,2_liga,20,38,2,1,3,19,6,15,14,39,55,LDDDWDWLDWDDWDWWWWDDWLDWWLWLDWWWDDD,5,8,4,20,17,9,9,15,11,42,49,DWWDWDWDWWDLDWWLWDDWDWLWWDWWDDWDWDD,1,7,9,13,34,DDDLWDDWDDLWLLWWD,DWWWWDDWDDLWWDWWD
Saarbrücken,Preußen Münster,1-0,/match/saarbrucken/preuben-munster/1990,1990,36,2_liga,20,38,0,1,0,5,14,14,7,57,33,WDWLWDDLWLLWDWDWDDDWLDWWWLDDLDDWLDW,9,5,3,39,15,15,11,10,14,39,62,WDWWDDLLWWWLLDLWDWDLDLWWDWWWDWDLLLW,5,3,9,18,38,WWWDWLWWDLWWDLDWD,WWDLWLDWWDLWWWWLL
Alemannia Aachen,Darmstadt 98,0-0,/match/alemannia-aachen/darmstadt-98/1990,1990,36,2_liga,20,38,1,0,0,17,10,7,18,50,59,LWLDWWLWLWLWLWWWWWWWWWLWWDDWWDDLDDW,8,3,6,29,23,13,10,10,15,43,55,WDWLWWWDWWDWDWWWWDWWWLDWDWDWDWWLWWD,1,3,13,11,37,LLWLLWWWWWLWDWDLD,WWWDWWWWDWDWWWWLW
RW Essen,Stuttgarter,1-0,/match/rot-weiss-essen/stuttgarter-kickers/1990,1990,36,2_liga,20,38,0,1,0,8,13,11,11,42,41,DWDWLDLWLLWDWDWWWDWWDLWLDWDWLLDDLWL,6,8,3,19,14,3,18,7,10,63,45,WLLWDWLWWWLLWLDWWWWWWDDWDWLDWWWWDWW,5,4,8,16,23,DDLWLDDWDDWDWWLDW,WLDLWLLWWWDDLDWWW
SC Freiburg,Hannover 96,1-1,/match/sc-freiburg/hannover-96/1990,1990,36,2_liga,20,38,1,1,1,18,10,11,14,45,48,LWLWLWLLDWWLDWDDDLDDLLWLLDDWDLDLWWW,6,2,9,22,25,6,12,12,11,48,37,WWWLWLLDDWWWDWWDDLWWWDWDWWDDWDLDWDW,3,5,9,15,22,LWWLWLWDLLLLDWLLW,WWWLDWWDLWWWDWLDD
Blau-Weiß 1890 B.,Schalke 04,1-1,/match/blau-weiss-1890-berlin/schalke-04/1990,1990,36,2_liga,20,38,1,1,1,11,11,11,13,41,48,DWLWWWDDDLWWWLDDWDDLLWWDWLDWWWWWDWW,9,4,4,25,15,4,15,10,10,65,46,DLLLWWDLWWLDDWWWWLWWDWWDWWWWDWLDWDD,4,6,7,29,28,WWWDLWLDDLWDLWWWW,DLWDWLDWLDWWWDLWD
Hessen Kassel,Fortuna Köln,1-0,/match/hessen-kassel/fortuna-koln/1990,1990,36,2_liga,20,38,0,1,0,20,11,7,17,32,63,DDLLLWLWWWLWDWLLLWWLDLDWWWLLWDLWWWD,5,5,7,17,32,12,9,16,10,46,51,WDLLWWWLDWLDLWDWLWDWWDDDWDWWDDDDDDD,2,9,6,20,32,DLLLWLDLWDDWLWLWD,DLWLWDWWDWDDDWDDD
Wattenscheid 09,Hertha BSC,5-1,/match/wattenscheid-09/hertha-bsc/1990,1990,36,2_liga,20,38,0,5,1,2,20,8,7,65,33,WLWLWDWDDLWWLWLWDWWLWWWDWLDWDLWLLWD,12,3,2,36,12,1,21,9,5,61,32,WDWWWLDDDLWWWLWWDWWLWLDLWWWLWLWDDDW,8,4,5,25,23,WWWWDWLWWWWWDDWLW,DWLDLWLWWLLLWLLDD
Braunschweig,Bayreuth SpVgg,2-1,/match/eintracht-brau-hellip/bayreuth-spvgg/1990,1990,36,2_liga,20,38,0,2,1,10,13,9,13,49,45,WLWDWWWWWWLWLLLWWWWWDWDDLLDLWDWDDLD,8,5,4,29,20,14,10,8,17,50,57,WDWWWWLWDWDDWWWWWWDLWLWWWWWDDDWWWLL,1,3,13,14,35,WWWWWWLWWDDLDLDDL,WWWWWDWWWWWWWDDWL
Stuttgarter,Braunschweig,4-0,/match/stuttgarter-kickers/eintracht-brau-hellip/1990,1990,37,2_liga,20,38,0,4,0,3,18,7,11,63,46,WLLWDWLWWWLLWLDWWWWWWDDWDWLDWWWWDWWW,13,3,2,47,22,9,14,9,13,51,46,WLWDWWWWWWLWLLLWWWWWDWDDLLDLWDWDDLDW,5,4,9,20,25,LWWWWLWDWWWDWWWWDW,LDWWWLLLWWWWDLWWDD
Schalke 04,SC Freiburg,2-1,/match/schalke-04/sc-freiburg/1990,1990,37,2_liga,20,38,0,2,1,5,15,11,10,66,47,DLLLWWDLWWLDDWWWWLWWDWWDWWWWDWLDWDDD,11,4,3,36,18,19,10,12,14,46,49,LWLWLWLLDWWLDWDDDLDDLLWLLDDWDLDLWWWD,4,9,5,23,23,LLWLWDWWWWWWDWWWDD,WLLLDWDDDDDWLDDDWW
Unterhaching,Hessen Kassel,1-0,/match/unterhaching/hessen-kassel/1990,1990,37,2_liga,20,38,0,1,0,20,6,15,15,40,58,LDDDWDWLDWDDWDWWWWDDWLDWWLWLDWWWDDDL,5,8,5,21,20,18,12,7,17,33,63,DDLLLWLWWWLWDWLLLWWLDLDWWWLLWDLWWWDW,6,2,10,15,31,DDDLWDDWDDLWLLWWDL,DLWWWWWLLWLLWWLDWW
Hannover 96,VfL Osnabrück,1-1,/match/hannover-96/vfl-osnabruck/1990,1990,37,2_liga,20,38,1,1,1,6,12,13,11,49,38,WWWLWLLDDWWWDWWDDLWWWDWDWWDDWDLDWDWD,9,7,2,33,15,16,11,8,17,54,67,DDLWLDWWWLLWLWWWWLWWWWWWDLDDDDWLWLWW,3,4,11,23,38,WLLDWWDWDWWDDWDDWW,DWLWWLLWWWWWDDDWWW
MSV Duisburg,RW Essen,2-2,/match/msv-duisburg/rot-weiss-essen/1990,1990,37,2_liga,20,38,1,2,2,8,11,14,11,47,52,LDWLWDWWWWWDDDDDWDWWLWDLDWWDWDLDDWWW,9,6,3,29,22,7,14,11,11,43,41,DWDWLDLWLLWDWDWWWDWWDLWLDWDWLLDDLWLW,7,3,8,23,27,DLDWWWDDWWWWLWDLDW,WWDLLWWWWWWLLDLDLL
Darmstadt 98,Saarbrücken,0-0,/match/darmstadt-98/saarbrucken/1990,1990,37,2_liga,20,38,1,0,0,12,10,11,15,43,55,WDWLWWWDWWDWDWWWWDWWWLDWDWDWDWWLWWDD,9,7,2,32,18,4,15,14,7,58,33,WDWLWDDLWLLWDWDWDDDWLDWWWLDDLDDWLDWW,5,9,4,18,18,DLWWWDDWWWWLDDDWWD,DLDLLWDDDDWDWLDDLW
Preußen Münster,Wattenscheid 09,1-0,/match/preuben-munster/wattenscheid-09/1990,1990,37,2_liga,20,38,0,1,0,15,11,10,15,39,63,WDWWDDLLWWWLLDLWDWDLDLWWDWWWDWDLLLWW,6,7,5,21,24,2,21,8,7,70,34,WLWLWDWDDLWWLWLWDWWLWWWDWLDWDLWLLWDW,8,5,5,29,21,DWDLWWLLDDLWDWDDLW,LLDDLWWLDWLWDLWLLD
Meppen,Blau-Weiß 1890 B.,1-1,/match/meppen/blau-weiss-1890-berlin/1990,1990,37,2_liga,20,38,1,1,1,10,10,15,11,45,50,DWWDWDWDWWDLDWWLWDDWDWLWWDWWDDWDWDDL,8,8,2,29,15,11,11,12,13,42,49,DWLWWWDDDLWWWLDDWDDLLWWDWLDWWWWWDWWD,2,7,9,16,33,WDDDWLWLWDWWWDWDDD,DLWDDWWDWDLWWDWWDW
Hertha BSC,Fortuna Köln,3-0,/match/hertha-bsc/fortuna-koln/1990,1990,37,2_liga,20,38,0,3,0,1,21,9,6,62,37,WDWWWLDDDLWWWLWWDWWLWLDLWWWLWLWDDDWW,13,5,0,36,9,13,9,16,11,46,52,WDLLWWWLDWLDLWDWLWDWWDDDWDWWDDDDDDDW,2,9,7,20,33,WWWDDWWWDWWDWWWWDW,DLWLWDWWDWDDDWDDDW
Bayreuth SpVgg,Alemannia Aachen,3-0,/match/bayreuth-spvgg/alemannia-aachen/1990,1990,37,2_liga,20,38,0,3,0,14,10,8,18,51,59,WDWWWWLWDWDDWWWWWWDLWLWWWWWDDDWWWLLW,9,5,4,36,22,17,10,8,18,50,59,LWLDWWLWLWLWLWWWWWWWWWLWWDDWWDDLDDWD,2,4,12,21,36,DWWLDDWWWDLLWWDWWL,WDWWWLLWWWWWWDWDDW
RW Essen,Hannover 96,4-3,/match/rot-weiss-essen/hannover-96/1990,1990,38,2_liga,20,38,0,4,3,7,14,12,11,45,43,DWDWLDLWLLWDWDWWWDWWDLWLDWDWLLDDLWLWD,7,8,3,20,14,6,12,14,11,50,39,WWWLWLLDDWWWDWWDDLWWWDWDWWDDWDLDWDWDD,3,6,9,16,23,DDLWLDDWDDWDWWLDWW,WWWLDWWDLWWWDWLDDD
Fortuna Köln,Preußen Münster,2-5,/match/fortuna-koln/preuben-munster/1990,1990,38,2_liga,20,38,2,2,5,13,9,16,12,46,55,WDLLWWWLDWLDLWDWLWDWWDDDWDWWDDDDDDDWW,7,7,4,26,19,15,12,10,15,40,63,WDWWDDLLWWWLLDLWDWDLDLWWDWWWDWDLLLWWW,5,3,10,18,39,WLWWDLLDLWWDWWDDDD,WWDLWLDWWDLWWWWLLW
Wattenscheid 09,Darmstadt 98,0-0,/match/wattenscheid-09/darmstadt-98/1990,1990,38,2_liga,20,38,1,0,0,2,21,8,8,70,35,WLWLWDWDDLWWLWLWDWWLWWWDWLDWDLWLLWDWW,13,3,2,41,13,11,10,12,15,43,55,WDWLWWWDWWDWDWWWWDWWWLDWDWDWDWWLWWDDD,1,4,13,11,37,WWWWDWLWWWWWDDWLWW,WWWDWWWWDWDWWWWLWD
Saarbrücken,Bayreuth SpVgg,0-0,/match/saarbrucken/bayreuth-spvgg/1990,1990,38,2_liga,20,38,1,0,0,5,15,15,7,58,33,WDWLWDDLWLLWDWDWDDDWLDWWWLDDLDDWLDWWD,10,5,3,40,15,14,11,8,18,54,59,WDWWWWLWDWDDWWWWWWDLWLWWWWWDDDWWWLLWW,1,3,14,15,37,WWWDWLWWDLWWDLDWDW,WWWWWDWWWWWWWDDWLW
Braunschweig,MSV Duisburg,4-1,/match/eintracht-brau-hellip/msv-duisburg/1990,1990,38,2_liga,20,38,0,4,1,10,14,9,14,51,50,WLWDWWWWWWLWLLLWWWWWDWDDLLDLWDWDDLDWW,9,5,4,31,21,8,11,15,11,49,54,LDWLWDWWWWWDDDDDWDWWLWDLDWWDWDLDDWWWD,2,8,8,18,30,WWWWWWLWWDDLDLDDLW,LWWWWDDDDLDDWWDDWW
SC Freiburg,Meppen,6-1,/match/sc-freiburg/meppen/1990,1990,38,2_liga,20,38,0,6,1,20,10,12,15,47,51,LWLWLWLLDWWLDWDDDLDDLLWLLDDWDLDLWWWDW,6,3,9,23,26,9,10,16,11,46,51,DWWDWDWDWWDLDWWLWDDWDWLWWDWWDDWDWDDLD,2,7,9,16,35,LWWLWLWDLLLLDWLLWD,DWWWWDDWDDLWWDWWDL
VfL Osnabrück,Schalke 04,3-1,/match/vfl-osnabruck/schalke-04/1990,1990,38,2_liga,20,38,0,3,1,16,11,9,17,55,68,DDLWLDWWWLLWLWWWWLWWWWWWDLDDDDWLWLWWD,8,4,6,31,29,4,16,11,10,68,48,DLLLWWDLWWLDDWWWWLWWDWWDWWWWDWLDWDDDW,4,7,7,30,29,DLDWLWWWLWWWLDDLLW,DLWDWLDWLDWWWDLWDD
Blau-Weiß 1890 B.,Unterhaching,3-2,/match/blau-weiss-1890-berlin/unterhaching/1990,1990,38,2_liga,20,38,0,3,2,12,11,13,13,43,50,DWLWWWDDDLWWWLDDWDDLLWWDWLDWWWWWDWWDD,9,5,4,26,16,17,7,15,15,41,58,LDDDWDWLDWDDWDWWWWDDWLDWWLWLDWWWDDDLW,1,7,10,19,38,WWWDLWLDDLWDLWWWWD,LDWWDDWWWWWDWWDWDD
Hessen Kassel,Hertha BSC,2-0,/match/hessen-kassel/hertha-bsc/1990,1990,38,2_liga,20,38,0,2,0,19,12,7,18,33,64,DDLLLWLWWWLWDWLLLWWLDLDWWWLLWDLWWWDWW,6,5,7,18,32,1,22,9,6,65,37,WDWWWLDDDLWWWLWWDWWLWLDLWWWLWLWDDDWWW,8,4,6,26,28,DLLLWLDLWDDWLWLWDW,DWLDLWLWWLLLWLLDDW
Alemannia Aachen,Stuttgarter,2-1,/match/alemannia-aachen/stuttgarter-kickers/1990,1990,38,2_liga,20,38,0,2,1,18,10,8,19,50,62,LWLDWWLWLWLWLWWWWWWWWWLWWDDWWDDLDDWDW,8,4,6,29,23,3,19,7,11,67,46,WLLWDWLWWWLLWLDWWWWWWDDWDWLDWWWWDWWWW,5,4,9,16,24,LLWLLWWWWWLWDWDLDD,WLDLWLLWWWDDLDWWWW
